Id,Comments
@YunWon1,화려한 조명이 나를 감싼 옳은 예
@user-sj3mv1rr1h,박자 단한번도 안틀리고 북치는 대머리 아저씨 넘 사랑스럽다
@user-vj4lt5vu2r,"""성공한 사람에게는 추억을"" ""성공하려는 자에게는 용기를"""
@JERJEON,와 진짜 영화 한장면 넣어놓은거 같음..전율이 미쳤음...와...소름돋는다
@user-bv3vy8tj4d,"음식은몰라도 밴드는 영국이확실함  비틀즈,퀸,오아시스,뮤즈,라디오헤드,콜드플레이 전세계를 뒤흔들어버림"
@joey1783,이 노래 원곡비디오에 이런 댓이 있었죠..  인류의 역사가 비디오게임이면 이 노래는 엔딩 크레딧으로 나올 노래라고...
@user-hd8vz7ww7w,"진짜 들을 때마다 매순간 빠짐없이 벅차오르는 개미친 노래 .., ㄹㅇ 죽기 전에는 꼭 라이브로 듣고싶음"
@maHappyEnding,시험 공부 안했는데 만점 받을수 있을것만같은 자신감을 주는 노래.
@december1780,"""라떼는 말이야"" 를 간지나게 소개하는 법"
@user-jk7qz6pb7p,미친 베이스드럼을 노래시작부터 끝까지 팔로치네 ㅅㅂㅋㅋㅋㅋㅋㅋㅋ ㅋㅋㅋㅋㅋㅋㅋㅋㅋㅋㅋㅋㅋㅋㅋㅋㅋㅋㅋㅋㅋㅋㅋㅋㅋㅋㅋㅋㅋㅋㅋㅋㅋㅋㅋㅋㅋㅋㅋㅋㅋㅋㅋㅋㅋㅋㅋㅋㅋㅋㅋ
@user-ou1on6vs2k,3:14 이때가 진짜 감동 최대치다….
@hakuna_matataz,진짜 천잰가..? 가사는 절망인데 멜로디가 희망 와.. . 적절하게 믹스매치한게 이리 잘 어울릴수가 세기의 곡이다
@user-bd3qd2jn7z,진짜 대머리 아저씨 대단한게 머리는 다 놓쳤으면서 박자는 안놓쳐
@user-hk5wd5wk3u,입으로 삼키기보단 입으로 내뱉는 것을 선택한 나라...
@killer_duck_9320,다음 세대에게 자신의 전성기를 물려준다는 어쩌면 콜드플레이에게는 뜻깊은 노래네요
@user-en5nn9pm1p,"3:29 관객들도 다 감동받았겠지만, 반대의 입장에서 가수가 저렇게 수많은 관객앞에서 노래부를수있고, 환호하고 같이 따라부르면 그것또한 전율이 지릴거같음....가수나 관객이나 다 부럽다... 관객입장말고, 내가 저 중앙무대에서 나의 노래에 다들 따라불러주면 어떤느낌일까..."
@user-py9gd3ob6r,콜플 사랑해
@cheeze8832,옛날에 전쟁할때 왜 타악기를 쳤는지 바로 이해가 됨 내한때 북소리 듣자마자 속에서 막 끓어 오르더라ㅋㅋㅋ
@user-nt5lr2qp6v,3:00 폭군이 죽고 새로운 왕이 즉위하기를 기다리는 듯한 백성들의 함성소리 같다. 절규하는 폭군의 노래소리와 대비되는 그들의 환호성 그리고 그의 최후를 심판하는 듯한 종소리까지 예술 그 자체
@civilian84,보통 노래는 가수 목소리가 더 감미로운데 이 곡은 연주도 정말 인상적이라서 밸런스가 잘맞춰져있음. 그래서 이 그룹이 대단한거 같음
@user-hk3eb3kc4k,저 상태에서 흥분안하고 차분한 목소리로 이끌어가는거...나같았으면 흥을 감당 못하고 옥타브 높게 올리다 휘청거리면서 관객석으로 떨어져 팬들한테 뽀뽀당하다 질식사로 죽을듯 ㄷㄷ
@unsublee4895,2:12 ㄹㅇ 백인 북치는 형 표정 '어케했누?'
@user-gy5gi8ew7c,2024년에 온사람은 여기
@beatrice1163,어릴 때 이 노래 듣고 무슨 곡인지 엄청 궁금해했는데 콜드플레이 음악이었구나 ㅋㅋㅋㅋ
@user-lg3ve3ix2m,북치는 애들 왜 맨날 고개 흔들면서 정줄 놓은 거마냥 치는가 했더니 ㅋㅋㅋㅋㅋ 쳐보니까 알겠더라 진짜 뒤질 거 같음 ㅋㅋㅋㅋㅋ 정줄을 안 놓으면 칠 수가 없음 ㅋㅋㅋㅋㅋㅋㅋ
@user-mb6ew4fe6d,Viva La Vida가 개미친게 2008년에 나온건데 어떻게 이렇게 경이롭지? 진짜 타임머신 탄 것 같이 전혀 촌스럽지 않고 2008년에 나왔다는게 믿기지가 않음....
@user-tn8os5qc6y,개인적인 사정으로 인해 요새 우울한 기분과 바닥친 자존감때문에 힘들어하고 있었는데 이 노래를 들으면서 한결 자존감에 생기가 불어든 것 같습니다! 감사해요
@user-mw1wy5qm3b,가사가 중간중간 비는 부분이 많은데 이정도 분위기가 사는 곡인게 ㄹㅇ 대단하다
@user-kf7pk9hg5q,분명히 쫓겨난 왕이 죽는 내용인데 새로운 왕이 행진하는것  같은 노래
@bbos-vm2mb,진짜 저런 공연장에서 노래하면 그 순간만은 왕처럼 느껴질 듯..부럽다
@tgan7882,유니버스 보고 온분~다시 들으니 아소오름 돋는다
@user-gx7mf9qm5j,"2017년 4/16일 내한했을 때 스탠딩 9번으로 맨 앞에서 펜스 잡고 직관했었는데… 군대 가기 전 큰맘 먹고 갔는데 내 생애 첫 콘서트이자 내 인생 최고의 추억 중 하나가 되어버렸네… 앞에선 크리스 마틴이 뒤에선 5만여 명의 관중들 목소리가 한번에 울려 퍼지는데 나도 모르게 따라 부르면서 폭풍오열했던 기억이 나네ㅎㅎ 그때 서로 초면인데도 즉석에서 친해진 형, 누나, 동생들… 그리고 콘서트의 시작과 함께 들어오던 자이로밴드의 불빛, 밤하늘을 밝히던 폭죽, 바람과 함께 흩날리던 종이 꽃가루 모든게 완벽했던 하루였다."
@kingofthegimhae3831,카메라 앵글 진짜 ㅈ빠진다 ㄹㅇ 영화의 한 장면같음
@kimokjin1804,고등학생 때 어머니의 16비트 벨소리가 비바라비다였는데 그 때는 어머니가 세련된 사람이라는 걸 몰랐지. 지금 31살이 되어서도 맨날 이 노래를 듣고 있는 나를 보며 엄만 하늘에서 무슨 생각을 할까.
@user-qg9lt9su2j,직관한 사람들 인생에 후회가 없겠다 진짜 부럽네
@oj2358,사라진 인류애를 찾고자 할 때 마다 보러 옵니다. 삶에 찌들려서 피폐해지면 가사는 마음을 때리지만 공연 분위기와 경쾌한 멜로디가 해소해주네요...
@haveto4488,3:11 팔찌 동시에 다켜지면서 떼창ㄷㄷ 진짜 온몸에 소름 돋는다
@thechef518,진짜 저런 슈퍼스타가 왜 우울증에 걸리는지 알겠다... 화면으로만 봐도 엄청 벅차오르는데 저 무대에서의 현장감은 어떤 것과도 비교가 안된당 무대에서 내려와 집에 가는 길의 공허함은 견디기 힘들 듯...
@user-rs1jk2ye6p,이렇게 신나는데 그 감정을 조절하고 저렇게 노래를 부른다는게 대단하다
@bbackgga100,듣고있는 모두가 승자 입니다. 인파속에서 나를 증명 할수있는 목소리!!  오오오오오~~
@user-we7nv5yo7k,1:51 왕관을 내려놓는  퍼포먼스 진짜 지렸다
@lancepretuna1156,생존자 찾지 마라 우린 죽은적도 떠난적도 없이 항상 있었다.
@user-pg7gr8dr5l,진짜 가슴이 웅장해진다. 저정도 떼창을 무대에서 들을 거 생각하면 진짜 소름돋는다.
@bamhyo_,한국 내한이.... 매우 시급해요... 이걸 한국에서 듣는다..? 심장이 남아나질 않겠는데
@ddoddi,"2020존버단 모집합니다.. 죽기전에 가야하지않겠어요 콜드플레이콘서트..?? 그리고 될 수 있으면 “20대”에 가야죠 가장 청춘스러울때,, ㅠㅠ 이 노래 떼창하려고 가사 열심히 발음까지 신경써서 외웠단말이에요.. 제발 한번만 더 와줘..ㅠ"
@user-td1sx3tl5j,2:12 ㅋㅋㅋㅋㅋㅋㅋㅋㅋㅋ아 ㅅㅂ ㅌㅌㅌㅌㅌㅌㅌㅌㅌ장난치다가 봉으로 맞아서 노래 부르다 비명지르고 중단되는거 상상함ㅋㅌㅌㅌㅌㅌㅌㅌㅌㅌㅌㅌㅌㅌㅌㅌ
@user-nk7pj5he1s,대단해!!40대에 저런 열정과 에너지가 넘치는 멋진 콜드플레이!!
@romijml1580,최고의 밴드 마약도 안하며 가치관이 건전한 이 밴드를 사랑합니다
@user-yz5ti1wp3u,데뷔할 때만 해도 20대였던 크리스와 멤버들.. 어느덧 벌써 40이 넘어가셨네.. 진짜 가장 멋진 청춘을 보낸 듯..
@4a3d,여기 그 댓글 어디갔지?? 2:10 만약 이때 실수해서 손 찧고 아아악! 이러고 공연장 갑분싸되면 어땠을까 하던 거 ㅋㅌㅋㅋㅋㅋㅋ
@414aje,저 현장의 활기를 느껴보고싶다... 얼마나 가슴이 뛸까
@Prime750,도입부만 들어도 가슴이 뛰는 명곡
@user-fo1pc9vi5r,2:12 저거 손 맞았으면 ㄹㅇ 갑분싸
@user-rh8wj3rw9s,산티아고 순례길 .. 28일 걷는 중에 이 노래 듣고 싶어서 미치는 줄 알았다. 마지막에 듣고 싶어서.. 800km 중 1km 남기고 이 노래 듣는데  진짜 가슴 터질 것 같았고 계속 울면서 도착했다 잊지 못해
@QUARK.,내가 만든노래가 저렇게 많은사람들에게 희망을 주고 저사람들이 내노래를 좋아해주고 그게 시너지가 되어 하나의 웅장한 무대가 만들어 진다생각하니까 진짜 대박이겠다
@user-ik9en2ys6e,인류 문화의 정점 같다..
@user-gl3fs2wx3v,1:50 왕관 내려두는 제스처는 지린다
@user-pq5ue5vk3f,국어 공부하다가 들으니깐 존나 내가 한글 창제하는 기분인데  +) 시험공부하느라 듣는데 ㅅㅂ 시험이 계속 미뤄져 아 시험 2일 남음........나나 대박침
@icebear5736,시대가 변해도 영원한 명곡
@lovelysseoji,이 노래는 진짜 10년째 들어도 안 질리네. 08학번인데 08년에 나온 노래였구나 뭔가 도전할 때 자신감을 가지게 해주는 그런 느낌이 있어서 종종 찾는 노래
@jcy3827,저 북치는거 개 힘들다. 북치기가 주인공임 1분만 쳐도 팔 떨어져 나갈거 같은데 몇분을 치노
@hwnngbo,"이 노래 처음 나왔을 때가 저 고1때였나, 친구네 집 아파트 옥상에서 들었는데, 고요한 밤에 이 노래 틀어놓고 있으니까 세상의 가장 높은 곳에 올라서 있는 느낌이라서 엄청 웅장했었어요 친구들도 다 소름돋는다면서. 이거 나중에 꼭 다시 한 번 더 높은곳에서 들어야겠다 생각했었어요. 몇 년뒤에 배낭여행으로 네팔 안나푸르나 트레킹 하면서 고산병으로 숨도 힘들게 쉬고 두통도 달며 올라갔어요. 그리고 도착한 ABC(베이스캠프)에서 새벽에 일어나 산 봉우리들을 마주보고 섰을 때 이 노래를 딱 틀었죠. 일출이 오면서 구름은 걷히고, 이어폰으로 내 귀에 노래가 흘러나오고, 천천히 주변을 둘러보는데,, 진짜 오감이 살아숨쉬는 느낌 받았었어요. 지금 이 순간은 내가 이 세상의 정복자다 이런 느낌 딱,,,"
@user-fk3fc6df6u,"이 영상은 주기적으로 자존감 떨ㅇㅓ지고 우울할 때마다 와서 봐야돼,,,,,,,,,음악은 사람을 살게 해"
@witymeo3684,omg...엄청난 무대다 웅장하고 순수함의 거대한 에너지가 느껴진다
@user-he1bp4fb5m,노래 너무 좋아요
@junhwijeong2526,알람덕분에 제 최애곡을 여러번들어도 좋네요ㅎㅎ 여러분도 노래로 힐링하시고 행복하세요!!
@user-ne5rd7ef1t,코로나가 빠르게 종식되고 모든사람들이 행복하고 활기를찾앗으면 좋겟다 콘서트에서 사람들이 환호하는 날이 다시돌아왓으면 좋겟네요 대한민국 국민분들 파이팅.!
@Eternal004,이게 2008년 노래라니 몇십번 들어도 질리지가 않음 웅장한 비트 사운드랑 관중의 환호성까지ㅠ가슴이벅참
@user-bo6vk1qb3v,내한왔을때 광클해서 펜스 둘째줄 쯤에서 봤는데.. 인생운 다쓴듯. 코로나 시국이 올줄 상상도 못했던 시절... 언젠가 한국에서 또 viva la vida 떼창할수 있길
@by_window,Viva La Vida는 아무리 들어도 소름돋고 경이롭다..진짜..
@hyun8636,쿠플 콜드플레이 콘서트 보고 뽕차서 다시 보러옴 ㅠㅠ 이 무대 직접 느껴보고 싶다 진짜...
@moly4228,중간고사 1시간 전 공부는 하나도 안했지만 올백각이다
@user-fo7vz1vv4m,Viva La Vida에서 숨은 주인공은 북치시는 분이다...
@dohyunlim5139,"이곡은 파란만장한 인생 속에서도 큰 족적을 남긴 화가 프리다 칼로의 마지막 작품 인생이여 만세 (viva la vida) 에 영감을받아 만들어졌다.짧든 길든 굵은 삶은 살았던 사람이 할 수 있는 이야기, 인생이여, 만세"
@user-cz8tw8zm4g,대한민국 16강 기념 ㅊㅋ기념으로 들으러 왔습니다...^^대한민국 축구 홧팅!!
@thisis52,같은 주파수를 들을 수 있는 지구인이라면 전율이 돋을 수밖에 없는 무대다 진짜
@user-xb7hg7de6c,북치는오빠 공연끝나고 옆에사람이 밥먹여줘야되는거아니냐  손떨려서 포크도못들거같은데
@truwizla7712,나중에 꼭 콜드플레이의 영화가 나왔으면 좋겠다. 마지막 장면을 viva la vida를 이런식으로 연출하는거지..캬...생각만해도...그때까지 꼭 살아야겠다 ㄹㅇ
@Ive.dive-14,오늘도 내 심장을 뛰게하는 노래. 감사합니다.
@user-wy2om5py7t,죽고싶을때마다 듣는노래 아무리 들어도 좋다  기분이 한결 좋아졌어요
@KK_SHOW,물리 공부하면서 듣다가 노벨물리학상 받는 상상했다
@user-qy1yg6od6v,가사가 너무좋네요. 몰락한 왕과 옛 왕국의 영광 그리고 혁명 후반부에 워어~하는 부분은 마치 왕궁을 둘러싸고 부패한 왕을 규탄하고 혁명을 부르짖는 성난군중들을 표현하는 느낌
@user-ko4bv9lr7c,설거지를 하면서 들어도 내가 여왕이 된 느낌을 들게 해주는 내 인생곡...  진짜 명곡입니다 ㅠㅠ
@nicknamech,최고의 명곡이 아닌가 싶습니다. 가사 해석을 보며 들으니 더더욱 무슨 말인지 모르는 느낌이 너무 좋네요
@user-gl1ue2xb5o,유이가하마 유이 사랑해
@user-yo4fh1id5r,똥 먹어본 사람만 좋아요 눌러
@gsnaga33,아무리 좋아하는 노래도 수백 수천 번 듣다보면 질리는데 이 노래는 도무지 질리지가 않는다.. 언제나 용기가 필요할 때마다 듣고 또 듣는 노래
@ryanchangkorea,단지 방구석에서 좁아터진 24인치모니터로 봐도 가슴이 터질지경인데 직관하신 분들은 창공을 날았겠군요. 개인적으로 정말 좋아라하는 뮤비중에 하나가 됐네요. 번역자님께 감사합니다.
@user-fr4wj9pf9b,이거 들으려고 소니 헤드셋 샀다.. 후회 절대안한다 자본주의 맛이 존나 달구나
@user-tp8ph7wq9w,폰화면 유튜브로 보는 나도 볼때마다 소름이돋는데 저기 있던 사람들 진짜 부럽다 와
@John-fh7lt,노래 미쳤네요 방구석에서 느끼는 광활함과 자유로움
@asdf7622,내한 때 생각난다... 8시 정각에 콘서트 시작 안하니까 사람들 한명 한명 비바라비다 부르기 시작하고 비바라비다 부를 때도 떼창 진짜 소름 돋았고 콘서트 끝나고도 다들 떼창하고 경기장 나와서도 다 떼창하고 지하철역에서도 다 떼창하고
@minhwa6962,"Viva la vida ""인생이여 만세""와 이 노래 가사 내용이 연결 안되어 몇날을 곰곰히 생각해 보았더니/ 강력한 왕권의 군주도 권력이 덧없었음을 회상하듯이 말하는것으로 이 세상 모든것을 가져도 덧없으므로/ 왕으로서 알려주니 그냥 인생을 즐겨라"
@jindao600,가사 미쳤다. 이로써 콜플은 진정한 왕이 되었다.
@jjm8948,"예전  베를린 장벽 허물때    스콜피온스가 부른 ""윈드어브체인지"" 같은 그런  역사를  어우르는  음악같네요 정말 코로나 종식되는날 전세계  떼창 했음 좋겠어요"
@user-cp6sd7vg4y,제가 이 노래 뭐냐고 친구한테 예전에 물어봤었는데 비바람이다 계속 이 ㅈㄹ 떨길래 꺼지라고 했었는데.....미안하다
@dogzahoon_official,영상미 미쳤다 영화의 한 부분 같네 ㄷㄷ 번역가님의 자막도 한 수인듯
@user-vg3dl6dp7h,이 영상을 처음에는 노래가 좋아서 듣게 되다가 그다음엔 현장 분위기에 취해서 또 듣게 되고 그렇게 또 듣다보면 마지막에는 북 치시는 분 텐션에 취해서 영상을 다시 보게 되는 매력이 있습니다. 저도 노래 내내 북 따라쳐봤는데 팔이 부셔질거 같더라고요. 북치시는거 보면 존경스러워요
@oops-fell-downed,성베드로가 내이름을 부르진 않겠지 = 난 천국엔 못갈거야 베드로는 예수님한테 천국의열쇠를 받았고 그앞을 지키고있다고 여겨진다는군요
@Chef_kh,3:13 가수입장에서 어느정도의 전율이 느껴질까
@user-og5hj7xi5i,합격하면 여기로 오기로 했었지 Here I am.
@user-pr9zr2ni4p,이 영상은 진짜 최고다 32살에 본게 아쉽다 느낄정도로....이제부터 매일 1일1회 봐야지 ㅎㅎ 영상 올려주셔서 너무 감사합니다 그리고 모두들 꿈을 이루시길 행복합시다
@redmanandpigs,명곡은 지금도 멈추지 않는다
@aphim7066,"2020년 10월입니다.  생존자는 손을 들어주세요  이제 11월이네요.  환절기 감기 조심하세요  벌써 12월입니다. 코로나가 다시 유행하니, 코로나 조심하세요  2021년 새해입니다! 새해 복 많이 받으시고 올해도 코로나 조심합시다.  벌써 2월이네요. 딱히 쓸 말이 없으니 명언 하나 적겠습니다. ""무엇이든 이루어지기 전까지는 불가능해 보인다."" 넬슨 만델라  3월 3.1절입니다. 이제 개학입니다.  학생 여러분 파이팅! 이제 코로나 백신 접종도 시작했으니 성과를 보이길.  4월입니다. 이제 정말 뭘 써야 될지 모르겠습니다. 대댓글로 뭘 쓸지 추천해주세요! 학생 여러분, 중간고사 화이팅!  5월, 늦었다 모두 중간고사는 잘 보셨나요?  6월입니다. 벌써 여름이네요. 요즘 코로나와 더불어 식중독균도 유행하니 음식 관리 잘하시기 바랍니다. 이번 여름에 엄청난 무더위가 찾아온다는데 과연 어떻게 지날지 모르겠네요. 곧 기말고사 이기도하니 기말고사 파이팅!  7월, 기말고사 못봐서 유튜브하지 말래요. 다시 기말고사 잘 보는 날까지 안녕."
@douglasmacarthur3126,어느 외국 유저가 이러던데  친구: 왜 그딴 늙은 노래를 듣냐?  유저: 너네 할머니도 늙으셨지만 넌 항상 그분 말씀을 듣잖아
@jw_gardening_jopd,"내가 제일 좋아하는 밴드인 콜드플레이.. 빨리 시국 끝나서 콜드플레이 콘서트 보러 가고싶다,,"
@chabori3540,1:03 이 분 열정이 느껴져서 너무 좋다.
@declan5383,그들은 입으로 뱉는걸 2개나 만들었다. 노래와 음식
@tearsyunaify,2:11 북칠때 손넣는거 리허설에 없었나보네 ㅋㅋㅋㅋㅋㅋㅋㅋㅋㅋㅋㅋㅋ 당황한 윌ㅋㅋㅋㅋㅋㅋㅋ
@hyesunglee4979,이 노래는  무슨일이 해결되고 들으면 용기를 준다.
@user-ol8xu8by5o,작곡도 가사도 미쳤다 정말 가슴이 웅장해진다
@user-sz1qt5ok6x,어떤 사람은 한 순간의 추억을 가지고 평생을 산다는 말이 있는데  내가 저 공연에 있다면  충분히 가능할 것 같다
@user-vd4yy3vv6p,이 노래는 북이 반은 먹고 들어간다
@user-o7nt5ws3pz,여행 프로그램 단골 BGM  듣기만 해도 마음이 벅차고 가슴이 웅장해지는 느낌이라 방구석에서 화면으로 여행지 보면서 이 음악과 함께 들으면 현지에 가 있는 기분이 듬
@user-io9jq6ci8d,콜드플레이 음악에  경의를  표합니다~!
@user-jt4br2xk7e,내일 수능이다 이 노래 듣고 잔다 만점 받을 것 같은 기분이다 수능 까짓거 내가 조진다
@user-ilusian,"<가사 뜻 정리> - viva la vida : 인생이여 만세. 참고로 이 제목은 멕시코 화가 프리다 칼로의 작품 속에 써놓은 구절에서 인용한거라고 함. 프리다 칼로는 소아마비와 교통사고 후유증으로 평생 고통스럽게 살다가 진정제 과다복용으로 요절했는데 그의 마지막 작품에 저 구절을 대문짝만하게 적어뒀고, 그걸 본 크리스 마틴은 그런 삶을 산 화가가 저런 표현을 쓴 것에 대해 매우 깊은 감명을 받았다고 함.  - long live the king : 왕의 경축을 빌어주는 멘트. 사극에서 신하들이 왕한테 만수무강하소서 즈언하~ 하는거랑 비슷한 느낌  - I know Saint Peter won't call my name : 직역하면 성 베드로가 내 이름을 부르지 않을 걸 안다는 뜻이지만 실질적인 의미는 천국에 가지 못한다는 걸 안다는 뜻. 성 베드로는 예수의 12제자 중 한명으로 천국의 문지기인데, 죽어서 천국의 문으로 오는 사람들을 보고 천국에 갈 자격이 있는 사람만 들여보내 준다고 함."
@user-jc8ol7kf8j,공부하다가 생각나서 듣고있는데 진짜 최고의선택 너무좋아요 ㅠㅠㅠ
@ssl278,몇번을 봐도 질리지 않는 라이브 영상
@user-fo7vz1vv4m,3:13 이 부분은 언제들어도 가슴을 웅장하게 해준다
@user-nk7tt9yd1o,북 박자 한번도 안틀리고 일정하게 진짜 잘 친다bbbbb
@jiyoungsuh4567,다른데서 본 가사해석보다 훨씬 뜻이 잘 통하고 와닿네요 역시.
@manbyeong,이 노랜 언제나 들어도 좋다 ㅎㅎ
@8p718,북에 손 집어넣을때 북아조씨 놀라는게 너무 귀여워서 이 영상만 보네
@spooon90,이노래는 북을 뿌실듯이 치다가 중반부부터 죽을듯이 종을 치는형이 하나의 킬포이다
@chilla7775,화려했던 과거에 대한 향수...2010년대를 이끌었던 정서가 아닐까 싶다...디즈니의 과거 명작에 대한 실사판의 흥행도 이에대한 증거라고 보임..
@strangeflavor9859,내가 콜드플레이면 나도 이영상 힘들때나 용기가 필요할 때마다 돌려볼듯
@user-le7de1uk7n,03:12  워오워오어~~워오워어어오워~~~워오워오어~~워오워어어오워~~~ ㄹㅇ 이 노래 하이라이트이자 라이브가서 떼창하고싶은 부분..라이브가서 떼창하면 얼마나 소름돋을까 상상만으로 벌써 싸보렸네..
@so_ec6228,이 노래 음원으로 못듣겠음 관중들의 환호와 떼창이 없어서
@SeoCheonNS,사랑 관련한 노래가 아니어도 얼마든지 훌륭한 노래가 나올 수 있다는걸 알게된 대표적인 노래죠.
@user-uk4bs6tb2k,롤실력 갑자기 올라서 마스터티어까지 수직상승했을때 매순간 이노래 틀었었음 그래서 항상 뭘 도전할때 이노래 듣는 습관이생김
@thingsthatfluo,"3:14 저 수많은 사람들, 게다가 자신을 보기 위해 여기까지 와주어 자신을 사랑해주는 사람들이 자신이 만든 노래를 따라부르고 환호하는 것을 관중들의 한 가운데 서서 듣고있는 느낌은 어떨까. 정말 말로 설명할 순 없겠지."
@nostalgia4152,정시 원서접수하고 한참 긴장되고 힘들때 원하던 대학 합격 문자 통보 받고 마침 지나던 핸드폰 가게에서 이 노래가 흘러나오더라.. 가만히 멈춰서서 노래듣는데 어찌나 황홀하던지 나도 모르게 눈물이 나왔었지.. 추억이네 이젠
@MungTaengYi,이 정도면 이세계에서 왕이었다가 돌아온거 아님?
@user-gy2sr8ew9i,이런노래는 이세상에는 꼭 존재해야하는 노래!!!
@cherish0135,이 노래 가사는 왕을 나타내는게 아니라 ㄹㅇ 청춘을 노래하는 느낌임  누구에게나 청춘은 빛났고 화려했으니까 할머니 할아버지가 되어서 지금들의 청춘들을 보면서 예전을 떠올리는거같음
@user-vm5yz6wq1g,솔직히 저 북치는 형이 진짜 대단하다.. 저렇게 노래한곡을 박자 안밀리고 일정하게 치기 진짜 어려운데
@user-jq6uz5vv1w,코시국이 한장이던 어느 우울한 저녁 이 노래듣고 세포가 깨어나는 느낌이 들었어요. 음악의 힘을 깨닫던 순간.
@user-jy2vx4rf8s,정말 이런영상 올려주시는분들은...뭐랄까 너무나리 감사해서 황송해요♡
@user-tx1lb7tu3e,노래를 부르는 사람이건 음악을 연주하는 사람들 관객 모두 다 자신감에 벅차 들뜨고 쿵쾅거리는 느낌으로 노래를 부르고 연주하고 즐겼을듯 개멋져
@two_east,정말 대단한게 북소리 정도는 mr로 깔아둘만 한데 끝까지 라이브 고집해서 이정도로 웅장하게 들리는 듯하다
@user-lq3zm3gl3o,새해니까 들으러 와줘야지
@user-sl2sg2qq8b,이 한곡 때문에 콘서트 가고 싶어졌다.
@user-iq8db9er3i,할아버지 할머니세대 비틀즈 부모세대 퀸 우리세대 콜드플레이
@yeop97,1:04 옛날 하이마트 앞에 있던 큰 공기 인형
@user-ov4ud8xg3n,보통 노래들 들으면 별 감흥없이 듣는데 이건 진짜 전율이..와..사람한테 이런 노래가 나오다니…인간이 얼마나 대단한지 느낄수 있었다..
@user-lk2nx2ez4l,떼창중 최고네요 음향감독님
@user-hi5rp1ns6m,양파 사고 집으로 들어오면서 이 노래 듣는데 양파 생으로 다 씹어먹을 수 있을 것 같다
@prince_anchovy369,어이 자네.. 응 지금 스크롤 내리고 있는 당신..그래 자네..명곡을 알아보는 통찰력이 대단하시군
@SooStory8888,들을때마다 가슴이 웅장해지네요 굿
@seungheepyo1456,정말 대단하고 존경해 자신의 성과를 저렇게 다른 사람들에게 내놀 수 있다는 게
@pulbak2597,왜 황석희 번역가님의 갓번역은 언급이없죠
@qjsdurwhk,10년 넘게 들어도 질리지 않는 명곡...
@mj-rq1hh,팝송 잘 모르지만 이 노래는 너무 개슴이 웅장해진다ㅠㅠ 20살에 군복무중인데 힐링되네ㅠㅠ
@kkk-nk7bd,언제나 다시 듣게 되면 힘이 나는 노래
@user-io1ox1io7f,"한국대중가요 99%가 사랑,이별노랜데 그런것만 듣다가 팝송들으면 가사 좋은곡들 많구나싶음"
@bookmakase,"아 정말 이거 볼때마다 코로나 이전이 너무 그리워 미치겠네ㅜㅜㅜ 언젠가 코로나가 끝이 나고 콘서트가서 꼭 다같이 떼창하고싶다,,, 나너우리 모두 정말 고생했다고ㅜㅜ"
@user-yx8dj9yx1l,역시 콜드플레이 짱입니다.^~^
@user-sf1qt7fs3d,제목이 기억 안 나서 북 치는 무대라고 쳣는데 최상단에 뜨네ㅋㅋㅋ 아주조아
@user-tp9hg5kg7y,진짜 함성소리 섞은거로 리믹스 멜론에 만들어줘야함
@ono5081,2:10 ㅈㄴ힘든데 옆에서 깔짝대ㅋㅋㅋㅋㅋ
@lemonjusam,어렸을때는 마냥 웅장한 노래였다고 생각했는데 나이먹고 보니 되게 슬픈 노래네요..
@user-cu9qj9yh3f,전율이 이네요.대단한 흡입력이 있는 노래네요.집중안할수가 없는 명곡임.
@Dear_Name-,내가 이곡때문에 coldplay에 입덕했던 계기였지 거진 6년팬이지만 이곡은 들을때마다 새로움 전주내내 내 존재하지도 않는 해외여행 나가서 대초원 바라보던 추억이 생기는 느낌
@user-uk1xw9ce3s,예루살렘의 종소리와 로마 기병대의 목소리가 들리는 듯 하다는 가사는 대체 어떻게 쓰는거지
@user-oq8ut4yc5t,나의 맑은공기입니다
@yozememak,멋진 곡 잘 들었습니다
@user-nz8wk4fs5m,분명 신나는데 왠지 모르게 공허한 느낌이다...쫒겨난왕과 새로 즉위하는 왕 가사 진짜 잘 쓴거같음
@user-zs1ox5st8z,3:17 이때 표정이 너무 뭉클하다.. 진짜 행복해보여서..
@intelak4965,빌보드 Hot 100 1위 축하합니다~!!!!!!!!
@user-ij2xd2wp8g,콜드플레이의 공연은 꼭 한번 보고싶다 ㅠㅠ
@thinkbunch,가사가 진짜 영화한편이야...나중에 viva la vida제목으로 보헤미안 랩소디처럼 콜드플레이를 주인공으로 영화제작될것같음
@user-xr6pd6wl7t,저 형 얼굴표정도 웃을때 완전 찐텐으로 신나고 즐거워보여서 그 기운이 전달돼서 좋아
@toc7325,세상은 여전히 변함없이 아름답다. 예전에도 지금에 이르러서도 그래왔듯
@pus0509,진짜 최고의 라이브 무대다. 관중들은 진짜 신날듯.
@cake3676,다음생엔 서양에서도 한번 태어나보고싶다.. 이 영상보면서 독서실에 쳐앉아있으니 현타 ㅈㄴ오네ㅋㅋㅋㅋ
@user-bg2yj5jp6j,좋아요 누르면 시험 1등급~~
@DNH-hh9qx,몇년이 지나도 지겹지도 않고 명곡임 게다가 눈물남 설마했던 암울기가 올줄은 생각도 못함
@user-uk7dz8bv9h,진짜 언제봐도 개쩔음..
@user-pj8ll3vr6u,"지금은 꿈도 꿀수 없는 장면이다,,,"
@imself_made,아직 1년도 안됬는데 마스크 안쓴게 부자연스럽고 순간적으로 거부감이듬 진짜로 지금이 사태가 얼마나 우리 일상에 뿌리밖았는지 깨닳게 되더라  그래서 진짜 제발 이번 1주일간 싸돌아다니지말고 진짜 우리나라 빨리 위기에서 벗어나도록 다같이 노력했으면 합니다 ㅠㅠ
@Yazu52b,콜드플레이는 진짜 전설이야
@user-lt1fu1gl3x,"콜드플레이 영상중에서 최고임,,,,"
@user-su5zz7fb6u,번역은 영어 실력보다는 한글 실력이 더 중요한 것 같기도 하다.. 시적인 아름다운 가사에 가슴 벅차는 멜로디에 자꾸 온몸이 찌릿찌릿하네
@user-ky4kr6uh6o,이 노래 전지적 박근혜 시점이라는 댓글 어디갔냐
@user-fg9it2lw2n,아 진짜 그때 그 감성...그 팝송....ㅠㅠㅠ
@user-ec2ko1jw2v,크 콜플 뜨기전부터 들었는데 최정상에있는모습보니까 먼가 뭉클하다...
@ya-gz2he,콜드플레이에서 한국공연 한번 더 진행하고 싶댔는데.. 현대카드측에서는 한번 공연한 팀은 자기들은 진행 안한다고... 얼마전 기사에서 봤네요.ㅜㅜ
@ksvw,이 곡은 진짜 다른 건 끊어도 이거만큼은 못 끊겠다
@user-ng9qv6mk5w,고마워요모든선물
@0820_1k,언제 들어도 좋다. 아직도 찾아 듣게 됨
@jasonjung1396,번역은 이렇게 하는거구나..
@user-vk1fk3tl1e,코로나가 시작되고 이런 공연이 사라졌지.. 기회만 된다면 걱정 없이 즐기며 이런 하루를 보내고 싶다
@user-ut7lb2ky5s,"항상 인생의 난관과 부딪힐 때마다 찾게되는 명곡인 듯.... 다들 못갈거라 했던 과고를 준비하면서 많이 울고  외롭고 힘들었지만 이 노래가 그런 마음을 치유해준 거 같음 결국 과고 진학에 성공했고, 합격통보 받은 후 남산타워 가서 이 노래를 들었을 때의 그 흥분과 희열이 아직도 생각남. 그러나 내신 망치고 붕 떠버려서 방황을 하게 되었고 그 때 이 노래가 다시 한번 내 멘탈을 되잡아 다시 불을 붙혀줌. 한없이 나약하고 어린 한 사람에게 꿈과 열정을 부여해준 노래. 그런 학생은 올해 고3으로 이 노래와 함께 정시로 의대를 가려 합니다. 과고 붙었을 때보다 더 힘들고 어려운 도전이라 생각하지만 노력없인 성취할 수 있는 것도 없고 부딪혀보지 않고 얻을 수 있는 것도 없기에 오늘도 이 노래와 함께 책에는 정해진 답을, 인생이란 책에는 내가 원하는, 하고싶은 답을 적어 나갑니다. 전국 고3 여러분, 11년 간 고생 많이 하셨습니다. 어떨 때는 길고 어떨 때는 짧은 시간이었고, 힘들고 괴로웠단 시절도 있을 겁니다. 그래도 우리가 피눈물 흘려가며 했던 우리의 노력이 곧 빛을 발하는 시간이 다가옵니다. 마지막 1년, 화이팅합시다. 우리의 꿈과 미래를 위하여. 과고 붙고 남산타워에서 느꼈던 그 희열, 어쩌면 그것보다 더 할 그 느낌을 기약하며."
@user-tm5kn3mk5v,노래가 안잊혀진다
@haedup,전문가들이 코로나 이전의 삶으로 되돌아갈 수 없다던데  다시는 이런 공연을 못 보게 될 수도 있다는 건가 그건 너무 슬픈데ㅠ
@ecometro,개인적으로 이런 명곡은 진짜 원곡자가 불렀을때가 가장 지리는듯 얼마전 유튭에서 슈퍼밴드 무대하고는 스케일을 떠나서 곡의 주인은 나다 하는 느낌이 강하다.. 아무리 좋은 구성과 편곡을 들이 밀어도 그 곡의 주인은 원곡자여라..
@yongheemoon6971,내인생이 마무리 되면 나오면 좋겠는 노래 1위
@choiddol2000,와 에너지가 어마어마하네요 ~~
@idonggun1124,죽었을때 귀는 30분동안 열려 있는다 하는데 그때 이노래가 귀에 울려퍼지면 좋겠다
@Lilywhite710,나 이거 처음에 콜드플레이라는 영화인줄알고 네이버에 찾아봄;;;
@thanks_kwan,이 노래 들으면서 교육대학원 전공면접 준비했는데 노래 끝날 때 쯤 되면 연세대 교육대학원 합격해서 조기졸업+성적우수졸업생 선발+우수논문상+임용고시 초수합격하는 상상까지 하고 있더라고요. 어쨌거나 연세대 교육대학원 합격해 지금 장학금 받으면서 잘 다니고 있네요. + (우와 제 채널 구독해주신 분들 모두 감사합니다!)
@sugandolligy,진짜 너무 좋다
@good-corn,이게 2008년 노래라니.. 믿을수가 없다… 내가 태어난해랑 같은 해라니….. 너무 멋있어ㄷㄷ
@user-lo7hn8pk4s,코로나때문에 뭔가 저렇게 콘서트를하고 다같이 떼창하고있는 모습만 봐도 알수없는 감정이
@user-nu8qw2wx2l,시험 치는사람 모두 기 받아가셈~
@fridaytvtv9290,감사합니다. 이 새벽에 소름이..
@anyeone4872,아 다 좋지만 첫부분부터 1분 30초 정도까지 모든 제스처의 유기적인 흐름? 너무 좋음… 하나도 빠짐없이 주옥같다…
@user-nm8ns1vs5m,예전에 이런 댓글 본거 같은데 저 많은 관중들이 호응하고 즐겁게 공연하고 나중에 집에가면 그 공허함은 장난아닐거 같다고
@kyujin2902,비트자체가 심장을 울리는 명곡
@970901,가사가 시편 느낌도 나고 프랑스혁명 생각도 나고 인생만세란 뜻이지만 인생무상 느낌도 나고 매력있네
@user-wf3cl2mx8o,2008년에 나왔다니... 나 두 살땐데...가슴이 웅장해진다
@user-rl4vh6fs2g,"I used to rule the world Seas would rise when I gave the word Now in the morning, I sleep alone Sweep the streets I used to own I used to roll the dice Feel the fear in my enemy's eyes Listen as the crowd would sing Now the old king is dead! Long live the king! One minute I held the key Next the walls were closed on me And I discovered that my castles stand Upon pillars of salt and pillars of sand I hear Jerusalem bells are ringing Roman Cavalry choirs are singing Be my mirror, my sword and shield My missionaries in a foreign field For some reason I can't explain Once you go there was never, never a honest word And that was when I ruled the world It was a wicked and wild wind Blew down the doors to let me in Shattered windows and the sound of drums People couldn't believe what I'd become Revolutionaries wait For my head on a silver plate Just a puppet on a lonely string Oh, who would ever want to be king? I hear Jerusalem bells are ringing Roman Calvary choirs are singing Be my mirror, my sword and shield My missionaries in a foreign field For some reason I can't explain I know Saint Peter won't call my name Never an honest word But that was when I ruled the world Oh, oh, oh, oh, oh I hear Jerusalem bells are ringing Roman Calvary choirs are singing Be my mirror, my sword and shield My missionaries in a foreign field For some reason I can't explain I know Saint Peter won't call my name Never an honest word But that was when I ruled the world"
@user-ws6xh3yg7n,와 저기 있으면 약간 팬이 아니라 신도가 될 것 같은 느낌이자나
@rich725644,큰북  소리가  이렇게 좋았었는지  이제 알았다   영상 즐감했습니다  .감사합니다  콜드플레이최고
@user-mn9uj7fx9c,며칠 전 쿠팡플레이 콜드플레이 콘서트 보고 다시 왔습니다. 온라인이었어도 저 음절 하나만 들어도 가슴이 뜨거워짐
@user-oc1km1ld4d,진짜 벅차오름이란게 이런거지 ㅠㅠㅠ 그냥 이 영상속 모든게 행복해진다... 노래를 듣고 무대는 보는 관객도 노래를 부르고 같이 뛰는 콜드플레이도 열심히 북치는 아저씨도 모두 너무 행복하고 즐거워 보임. 에너지가 영상 너머 나한테까지 전해진다..크으으
@user-vo3xs6ix6x,콜드플레이 지금 한국이니까 갈땐 가더라도 유희열의 스케치북은 제발 찍고가
@fuckinawesomeable,해석 너무좋아요 직역보단 영어로 느껴지는 느낌 그대로라서 좋아요
@ansgust,말그대로 가슴이 웅장해지는 노래
@user-xu8lk2uy6t,이 노래는 음원으로 들어도 좋지만 역시 이 영상이 최고인 것 같다 영상을 보며 느끼는 심장의 두근거림과 웅장함은 음원과 비교도 할 수 없어
@user-wb4jd3fr6r,진짜 코로나가 언젠가 잠잠해지면 꼭 콜드플레이 내한 갈 수 있게 해주세요 ㅜㅜㅜ....
@user-ds3zg5tj1z,지금 이 띵곡을 들은 나 자신...하찮다안 안니 이런 띵곡을 지금 듣고 있자나ㅠㅠㅠㅠㅜㅠ
@user-zl2ks4dd9e,너무 좋습니다.
@coolweather9419,"요즘 정신적으로 일이든 체력이든 지쳐있었는데  이 노래만 들으면  어두운 지친 생각들이 싹 걷히고서 그렇게 뭉클하고 기분이 울컥하네요. 제게 승전보같은 노래인데, 정말 라이브로 이렇게 보니 더 행복합니다. ️"
@seoeyo,와 미쳤다 작년 9월에 축제에서 어떤 학생이 바이올린으로 연주한 개띵곡 도입부가 며칠동안 귀에서 계속 맴돌아서 그 노래가 뭔지 몇날몇일을 찾았었는데 반년이 지난 지금에서야 샤워하면서 clocks 듣다가 자동재생으로 비바라비다로 넘어갔는데 들어보니까 그 노래가 콜드플레이 비바라비다였는지 알게 됐네 온몸에 소름 돋는다 진짜ㅠㅠㅠㅠㅠㅠㅠ 눈물난다 증말 ..
@user-vp4hs2rx6v,심장뛰고 결국엔 뜨거운 눈물이 나오는 내 영혼의 뮤직
@ssolhan1842,몰락한 왕의 한 평생을 되돌아 보는 듯한 가사가 왕의 슬픔과 그 때의 이야기를 후련하게 털어놓는 기분도 드네요
@ibel5984,뭔가 감동이다 시간을되돌려서 코로나가 없게 만들고 저공연에가서 보고싶네
@john____k0410,죽기전에 해야할 것coldplay 내한공연가기
@Tourismmj,I keep watching and listening to music!  Incredible!!!!
@user-wz3dx4wl4r,아... 진짜 너무 좋아....
@user-sg2jn7iu7y,다음날 단두대에서 죽더라도 하루만 저 무대에 서서 저런 목소리실력으로 노래해보고싶다
@user-dg1cf2jr8x,콜플 언제 또 와..?? 나 못 갔단 말이야... 얼른 내한해 죽을 거 같아... 내가 집에서 매일매일 1인 콘서트 개최해야겠냐구ㅜㅜ우우ㅠㅠㅜㅜ
@user-sv6di2kk6r,A song that leads me when I'm tired and tired.  Still in November 2021  A song that causes people all over the world!
@user-qu2yp5mz5h,코로나 언제 종식이 될지 모르지만 콜드 공연 가고 싶네요 ~~^^ 한국에 다시 한번 와주세요 ~<^^
@user-hw8nv9le8l,왕이 물러나는 내용이지만 왕으로 올라갈때 들으면 더 좋을노래.
@user-jl4gw3ez6s,"비바라비다는 인생만세라는 제목과 떼창을 유도하는 음률과 반대로, 가사는 몰락 왕의 이야기로 냉소를 퍼붓는다 J/헤롯 요한 살로메 삼각관계/빌라도/베드로/바울/소돔고모라/반석, 모래 집/루이16세 등의 이야기가 연속해서 은유적으로 등장하는데 명곡을 넘어서 엄청난 인문학적 가치의 작품 아닐까"
@user-dt7bm5ep4r,벅차오름이라는 감정을 영상으로 표현한거같애
@user-qf4zx4ey4v,진짜 멋있다..ㅠㅠㅠ
@yunis_,이게어떻게 2008년노래야................천재야? 콜플 콘서트 가면 진짜 눈물날듯 너무 좋아서
@user-hp4em3jn4k,이노래만 들으면 가슴이 벅차오르는데 저기 콘서트가면 그냥 정줄놓고 가수랑 다같이 미쳐서 즐길듯 3:14 최애부분
@user-mv2wj9rt2j,가슴 벅차다...지구인으로 이 별에 태어난 걸 감사히 여긴다..
@user-mk3mp7xl8r,"용기와 희망을~~ 모두에게!  당신은 멋지고 용기있는 사람입니다 노래가  내 심장을  가슴을"" 팡팡"" 뛰게 한다"
@user-st3cz7ds5h,ㄹㅇ 노래 들으면서 가사까지 같이 읽으면 영화 보는 것처럼 가슴이 웅장해짐 가사가 또 스토리가 있어서 그 장면을 저절로 상상하면서 듣게 됨
@user-pl9bq6ox4v,진짜 노래개잘뽑고 가사도지림. 진짜 댓글이 말한것처럼 중세왕기분.
@studio_ludens,제가 알던 가사번역이랑 다른 느낌이예요..  곡이 훨씬 더 이해되고 몰입되네요.
@eeeeass-jt1pe,콜드플레이 감사합니다 이노래 들으면 성공하고싶어서 공부하게됨️‍️‍️‍
@user-ks7pz4vi7n,0:00 영화의 한장면 같다
@user-yn1qf1oi9w,진짜 웅장하단 말만 떠오른다 이어폰 끼고 엄청 크게 들으면 심장이 두근대고 슬픈노래도 아닌데 뭔가 울컥한다 나만 그렇냐
@user-co7vg7to2i,제주 탑동골목 2021년 10월 5일 오후 9:17 손님 신청곡      현재 탑동골목에서 손님이 신청한 노래입니다:)   좋은 영상 감사드립니다
@claland,여러번 들어도 좋군요 ♡
@bear_cannot_live_in_one_house,한 20년 지나면 보헤미안 랩소디처럼 영화 나오겠네 이 무대 똑같이 재현하는걸로
@user-st9dh4vv2x,나는 직접 봤지.. 잊을 수 없다.. 최고였다ㅜㅜ
@grand-father.,더울때들으면 소름돋아서 시원해짐
@soeonpark8849,진짜ㅜ 콘서트 기 빨려서 웬만한건 별 생각 없는데 이 노래만은 가서 목 터져라 부르고싶다 .. 공연도 너무 못가니까 가고싶고
@sugarpremium4547,저렇게 꽉찬 스타디움에서 다시 뛸 수 있는날이 오기만을 기다린다... 스포츠든 노래든 게임이든 같이 다같이 모여서 즐기고 싶다 진짜
@yoyoyo88897,여러분 새해 복 많이 받으세요
@user-jz4bo4lj5z,죽기전에 꼭 꼭 보고 싶은 공연 ㅜㅜ
@efff7342,들을 때마다 가슴 벅차게 하는 노래
@user-vf4cp5pv2m,이런 가사를 한국어로 쓰면...화려한 조명이 나를 감싸네..?
@jgbong,음악은 비루할지도 모르는 우리의 삶을 영화로 만들어줍니다.
@Sacdoo,슬픈 노래도 아닌데 왜 눈물이 나지.. 진짜 신기하네..
@kayyoon8327,카메라 워크 넘 좋고 음악은 황홀하다
@chl6548,와 이런 가슴울리는 느낌 오랜만이다 ...
@tykim444,맨 뒤에 북치는 대머리 아저씨 사랑스럽다는 댓글 어디갔냐 우울할때 마다 와서 웃고 갔는데..  내가 써야겠네  맨뒤에서 박자도 안 틀리고 치는 대머리 아저씨 너무 사랑스럽다 정말 '모'자람이 없어..
@nicoleseo1234,감동입니다
@user-ny4qp7lt3i,"I used to rule the world  Seas would rise when I gave the word Now in the morning I sweep alone Sweep the streets I used to own I used to roll the dice Feel the fear in my enemy's eyes Listen as the crowd would sing Now the old king is dead, Long live the king One minute I held the key  Next the walls were closed on me And I discovered the my castles stand Upon pillars of salt and pillars of sand I hear Jerusalem bells a ringing Roman Cavalry choirs are singing Be my mirror, my sword and shield My missionaries in a foreign field For some reason I can't explain Once you go there was never Never an honest word But that was when I ruled the world It was the wicked and wild wind Blew down the doors to let me in Shattered windows and the sound of drums People couldn't believe what's I'd become Revolutionaries wait For my head on a silver plate Just a puppet on a lonely string Oh who would ever want to be king? I hear Jerusalem bells a ringing Roman Cavaly choirs are singing Be my mirror, my sword and shield My missionaries in a foreign field For some reason I can't explain I know Saint Peter won't call my name Never an honest word But that was when I ruled the world I hear Jerusalem bells a ringing Roman Cavalry choirs are singing Be my mirror, my sword and shield My missionaries in a foreign field For some reason I can't explain I know Saint Peter won't call my name Never an honest word But that was when I ruled the world"
@spspkj,이런 무대를 한번만이라도 공연해보면 진짜 그 자리서 죽어도 여한이 없을듯 ㄹㅇ
@user-hd2dy9fb3e,북치는게 얼마나 힘드나 싶어서  침대 쾅쾅 치면서 노래들었는데 정줄 놓고 치는 이유 알겠음
@user-xr3sq1xd8g,저기있는 사람들은 평생 저 장면을 잊기 못하겠다..!! 부럽다..ㅠ
@user-nn3ju4hu5r,1년전 마음이 너무 힘들때가 있었는데 이노래 들으면서 마음 가다듬고 했었어요 매일 출발하기전에 노래듣고 마음 가다듬고 오늘도 열심히 해보자며.... 덕분인지 지금은 주변상황도 내 몸도 마음도 많이 나아졌어요 저에겐 아침의 희망곡이네요^^
@user-lu5qk9in4c,어떤 느낌일까 저렇게 많은 사람들이 정말 즐거워하며 자신에게 환호하며 지켜보는 모습을 보는 저 주인공은 어떤 느낌일까
@user-tj2mc5mu5m,다신 못올밴드같아서 이틀전부 갔다왔는데 돈 정말잘쓴거 같다
@user-nj6zc9dx4l,콜드플레이가 얼마다 대단한 분들인지 모르고 그냥 이름만 알다가 엄청난 분들인걸 알게된 계기입니다 ㅠㅠㅠㅠ
@user-ty2eq5fd8g,진짜 어떻게 이런 노래를 만들수있을까...자신의 전성기를 떠올리며 만들었다고 들었는데 이노래 자체가 전성기고 이곡이 콜드 플레이 같다
@bono3074,0:07초 비트에 맞춰서 점프 뛰는거 실화냐 개부럽다ㅜㅜ
@tongdarknara83,사랑하는 사람이 매일아침 듣고 힘내는 곡^^ 매일매일 힘낼수 있길..
@rich725644,늘 봐도  멋지다  ~
@user-jr3wm1sx7f,이노래 정말 최고다!
@user-nc7gt2eh2g,와 ㄹㅇ 학교 공연에서 반애들몇명끼리 비바라비다 부른데서 내가 북이랑 종 동시에 치는거 했는데 왜 저렇게 고개 휘적휘적하면서 치는지 알거같음 한번 놓치면 바로 뇌정지와서 ㅈ됨ㅋㅋㅋㅋ
@presentyoo,내 버킷리스트중 하나가 콜드플레이 공연보는거다..
@user-jv1yk1sh6b,진짜 오랜만에 노래 듣고 전율을 느끼네 ㅎㅎ
@gyeommu,콜드플레이 사랑해요
@DynamicLD,라이브로 북치는게 왜이렇게 좋지
@user-hd1mv1gn5o,요오즘에도 듣는사람 출첵
@JH-gs3mh,Queen 다음으로 라이브충격을 준 아티스트... 아티스트의 최고의 라이브실력과 열정적인 브라질관중들이 만들어낸 최고의 라이브영상 특히 3:00
@is-pv9zl,콜드플레이 노래들으면 왜캐 신나면서도 웅장하면서 뭔가 울컥하지? ㅠㅠ 노래가 너무 좋아서 그런가? 콜드플레이는 진짜 비틀즈 퀸에 이어서 최고의 밴드같다 보컬 크리스 마틴 목소리도 너무좋고 정말미쳤다~~
@agneskim4449,한편으론 덧없는 것들에 대해 노래하는 것 같아요. 모래위 지어진 성처럼 근사해보이지만 덧없는 것들..하지만 그것을 슬프게 바라보는 것이 아니라 흘러간 과거처럼 그저 바라보는 듯한 느낌이에요.
@user-ug1cg3rr6n,코로나 : 난 세상을 지배했었지
@10to92,가사 너무 좋아~~
@jazz0104,띵곡이란.. 이런것..
@jerryyoun3168,2019년 4월 마지막주네... 다들 화이팅
@user-ks7yz3cv1i,저분들 코로나 끝나고 내한공연 함 모셔야함. 그래야 K-때창으로 혼쭐을 내주지
@user-ld1nb2qn7k,크으..귀가 녹는다..
@LaynaTV-xk2nc,저 노래 너무 좋아 ㅠㅠㅠㅠㅠㅠ
@user-su9zc9kn5u,이거 들으면서 개 데리고 산책시키면 개가 아니라 사자 데리고 다니는 기분임
@user-tt2oy2th7p,여러라이브영상중 이게 진짜 짱인듯 무대며 가수며 관객이며  가사에 대한 해석이며
@TK-wi3bh,한참 전에 본 영상인데.....코로나 확진되고나서 방구석에서 보니까 더 새롭네요...ㅠㅠ
@sun_1927,몸이 엄청나게 찌릿찌릿 합니다. 전율이 진짜 몸이 터질만큼 오네요...
@SLn_1215,하…이 웅장한 비트 사운드와 크고 우람하고 아름다운 스타디움…거기에 관중들의 환호성까지…이래서 내가 이걸 못끊지..
@jyan290,3:01 몇번을 돌려보는지 모르겠다... 팝송 듣다가 지금 못 빠져 나가고 있어ㅠㅠㅠㅠㅠ 콜드플레이 콘서트 내 버킷리스트에 넣었음
@rlatnals9191,가사가 진짜 지린다
@soonranmoon4000,이걸 이제야보다니 ~ ㅜㅜ 컴온~ 컴온~ 목소리 춤 넘 좋아요~~
@shay9237,드럼이 극한직업인 밴드중 하나 힘내세요 챔피언...
@user-ze2zi2cr6y,많은 노래들을 들으며 눈물이 끊이지 않은적은 정말 많았지만 방금 이 노래를 처음 들었을때처럼 소름이 끊이지 않은적은 진짜 처음임. 노래로 최면을 건건지 진짜 내가 저 무대에 서있는것처럼 가슴에서 웅장함을 느끼고 저 사람에게 이입을해서 무대를 즐기는듯한 느낌이 들었음. 이걸 쓰는 와중에도 온몸에 소름이 가시질 않음.
@user-hz7tt8ql5e,아~콘서트 가고 싶다 언제쯤 맘편히 갈수 있을까
@Rockstar.99,슬픈 멜로디도 루즈한 박자도 아닌데 이상하게 눈물부터 나오는 노래 나는 이 노래로 밝은 멜로디와 쿵 쿵 울리는 북에 맞춰 눈물 터뜨리는 법을 배웠다
@user-berunaruberuberu,한번도 못본 사람은 있어도 한번만 본 사람은 없는 영상
@rasun531,3:13 인류 노래 역사상 가장 위대한 파트
@user-ms1pq6mh2n,라이브로 꼭 듣고싶다
@Daekkaebi,스타들이 왜 우울증에 시달리는지 알거같다. 공연이 끝나고 집으로 돌아갈때 그 공허함은 말로 설명할수 없을만큼 허무할듯..
@user-bu8df2fp6v,이 노래의 숨은 레전드는 북치는 분이라면서요..
@Yoenhee_01,버킷리스트: 1. 콜드플레이 콘서트 가기
@user-pr9zr2ni4p,오늘도 이노래 들으러 왔어요..아직 인생이 힘드네요 ㅎㅎ
@user-dz8os9im2j,노래 넘 신나고 좋아용
@user-pt4er3wx7f,대학교 기숙사에 쳐박혀서 공부만하다가 이 영상 보니까 한대 맞은거 같네요. 나는 무엇을위해 공부를하지. 저렇게 즐거운 인생을 살려면 분명 공부가 정답은 아닐텐데 .. 나는 왜 공부가  정답이 아닌걸 알면서도 계속 손에 펜을 쥐고있지.. 나는 왜  인생을 즐기지 못하지.... 내일이면 이 기분도  사라지고 다시 익숙한 펜을 잡고 기숙사에 쳐박혀서 공부를 하겠지
@user-vl4ii5wy3e,"영어 가사   I used to rule the world  Seas would rise when I gave the word  Now in the morning I sleep alone  Sweep the streets I used to own  I used to roll the dice  Feel the fear in my enemy's eyes  Listen as the crowd would sing  Now the old King is dead,  long live the King  One minute I held the key  Next the walls were closed on me  And I discovered that my castles stand  Upon pillars of salt and pillars of sand   I hear Jerusalem bells a-ringing  Roman Cavalry choirs are singing  Be my mirror, my sword and shield  My missionaries in a foreign field  For some reason I can't explain  Once you'd gone there was never  Never an honest word  And that was when I ruled the world  It was the wicked and wild wind  Blew down the doors to let me in  Shattered windows and the sound of drums  People couldn't believe what I'd become Revolutionaries wait  For my head on a silver plate  Just a puppet on a lonely string  Oh who would ever want to be king?  I hear Jerusalem bells a-ringing  Roman Cavalry choirs are singing  Be my mirror, my sword and shield  My missionaries in a foreign field  For some reason I can't explain  I know Saint Peter won't call my name  Never an honest word  But that was when I ruled the world  I hear Jerusalem bells a-ringing  Roman Cavalry choirs are singing  Be my mirror, my sword and shield  My missionaries in a foreign field  For some reason I can't explain  I know Saint Peter won't call my name  Never an honest word  But that was when I ruled the world"
@jinkim3479,진짜 개 웅장해서 소름...
@kaisy1,이영상은 진짜 주기적으로 보러와야함
@user-lf7hh8yr8h,"I used to rule the world  Seas would rise when I gave the word  Now in the morning, I sleep alone  Sweep the streets I used to own  I used to roll the dice  Feel the fear in my enemy's eyes  Listen as the crowd would sing  Now the old king is dead! Long live the king!  One minute I held the key  Next the walls were closed on me  And I discovered that my castles stand  Upon pillars of salt and pillars of sand  I hear Jerusalem bells are ringing  Roman Cavalry choirs are singing  Be my mirror, my sword and shield  My missionaries in a foreign field  For some reason I can't explain  Once you go there was never, never a honest word  And that was when I ruled the world  It was a wicked and wild wind  Blew down the doors to let me in  Shattered windows and the sound of drums  People couldn't believe what I'd become  Revolutionaries wait  For my head on a silver plate  Just a puppet on a lonely string  Oh, who would ever want to be king?  I hear Jerusalem bells are ringing  Roman Calvary choirs are singing  Be my mirror, my sword and shield  My missionaries in a foreign field  For some reason I can't explain  I know Saint Peter won't call my name  Never an honest word  But that was when I ruled the world  Oh, oh, oh, oh, oh  I hear Jerusalem bells are ringing  Roman Calvary choirs are singing  Be my mirror, my sword and shield  My missionaries in a foreign field  For some reason I can't explain  I know Saint Peter won't call my name  Never an honest word  But that was when I ruled the world"
@user-eb7hk8cz9r,저렇게 마스크 안쓰고 콘서트 다같이 즐길때가 그립다...
@user-zh6bm1hk8l,이게 내가 생각하는 진정한 팝스타 그냥 무대에 서있기만해도 아우라가 뿜어져 나오네
@ragenka77,전주가 너무 좋은
@wowls9570,와 진짜 너무 멋있어서 들으면서 공부하려다가 때려치고 보면서 듣는중...ㅋㅋㅋ 진짜 너무 좋고
@SabuKim,개인적으로 보헤미안 랩소디처럼 콜드플레이도 영화로 보고 싶다... 다들 영화관에서 오오오오오~ 하는거 생각하니까 기대가 된다.
@kjj9178,가사가 미쳤네 이야...저런 느낌?에 중세영화 한편 없나
@shk961,어쩌다 최근에 처음 듣게 됬는데 진짜 온몸에 전율이 ㄷㄷ
@jwoo6329,내일 시험 합격 하고 돌아오겠습니다! VIVA LA VIDA!
@user-nu7ph5js8p,궁금해 하신분들이 있을까봐 적어요 2:52 이부분에서 성베드로가 내이름을 부르지 않겠지 라는 뜻은 예수님께서 성베드로에게 천국으로 가는 열쇠를 주고 그 열쇠로 사람들을 천국으로 데려오라고 하셨어요. 그래서 가사에서 왕의 부패해서 부르지않는다는거죠 즉 천국은 못간다 이말입니다 긴글 읽어주셔서 감사합니다
@user-xb4qf1kb5c,들을 때마다 소름돋ㅇㅁ
@user-xi8ng3xn7k,최고의 엔딩이 떠오르는 곡
@user-dm2vm7wy8d,제발 코로나가 끝나면 내한공연 제발 한번만 더 제발재발제발
@user-ob2wf7bb8k,헐 뭐야 님들 왜 여깄음? 나만 보러온 게 아녔네 ㅋㅋ
@dnvkd92,이런 거 보면 눈물남
@Kelly-vy4ov,우리 아빠 최애곡
@wonkim7951,"코로나 바이러스가 지구상에서 사라지는 그 날, 전세계 모든 인류가 함께 소리칠 것 같은 노래.."
@bigdataanalysisresult,빅 데이터 분석결과. 위대한 쇼맨으로 웅장해진 가슴을 터뜨리러 오는곳
@11ffgggggggg,진짜 돌았다 어떻게 이런 노래를 썼지 드럼 박자랑 똑같이 가슴 뜀... 근데 또 가사는 마냥 신나고 밝지 않아서 애틋함이 함께 묻어나는 듯
@user-cq8qb8vw5g,진짜 명곡+레전드 라이브
@jisoolee2719,"I used to rule the world Seas would rise when I gave the word Now in the morning, I sleep alone Sweep the streets I used to own  I used to roll the dice Feel the fear in my enemy's eyes Listen as the crowd would sing Now the old king is dead! Long live the king!  One minute I held the key Next the walls were closed on me And I discovered that my castles stand Upon pillars of salt and pillars of sand  I hear Jerusalem bells are ringing Roman Cavalry choirs are singing Be my mirror, my sword and shield My missionaries in a foreign field  For some reason I can't explain Once you go there was never, never a honest word And that was when I ruled the world    It was a wicked and wild wind Blew down the doors to let me in Shattered windows and the sound of drums People couldn't believe what I'd become Revolutionaries wait For my head on a silver plate Just a puppet on a lonely string Oh, who would ever want to be king?  I hear Jerusalem bells are ringing Roman Calvary choirs are singing Be my mirror, my sword and shield My missionaries in a foreign field  For some reason I can't explain I know Saint Peter won't call my name Never an honest word But that was when I ruled the world  Oh, oh, oh, oh, oh I hear Jerusalem bells are ringing Roman Calvary choirs are singing Be my mirror, my sword and shield My missionaries in a foreign field  For some reason I can't explain I know Saint Peter won't call my name Never an honest word But that was when I ruled the world"
@user-hm3eq5no1z,웅장해진다….다시 이런공연을 보는 날이 오기를 제발~~~
@user-in6qd1fb2p,Amazing ! This music made me happy .
@user-sf5ts4cc4x,예전 댓글 중에 “인류의 역사가 비디오게임이면 이 노래는 엔딩 크레딧으로 나올 것이다”라는 걸 봤는데 요즘 세상을 보면 이럴 날이 정말 멀지 않은 것 같다는 생각이 듦....
@lanceprettna4475,누가 그랬는데 이 곡은 오래될 수록 와인처럼 더 좋아진다고
@yileylee6619,02:08 누나는 똥을 싸 냄비에~
@user-sx5qr2yv7z,긴장되고 힘들때마다 듣는곡
@user-cj3dk4bp6n,1시간 올려주세요
@user-fc8xi8dc8b,노래가 나온지 꽤 되었는데 언제 들어도 좋네요
@user-gg6zj8xk1n,죽기 전에 콜드플레이 공연 가서 오오오오오 해보고 싶다 이건 진짜..
@user-xu6fv4ro3s,우울할때마다 듣는 노래..
@user-ix8xs8bi1s,이건 못 참지
@user-sc2ut3rp4i,오늘도 알수없는 알고리즘에     는 나발이고 진짜 개띵곡이다....
@user-cc9qp7jy9w,3:11 씨발 진짜 이장면에서 갑자기 웃음 나오면서 눈물나오네 별 주책이다;;;;
@user-vt4e,"타락한 성공에게 희망을, 우리는 위대했음을."
@user-lb3bq8uk6p,잘듣고갑니다
@myfrienddada8989,진짜 가슴까지 뻥 뚫리는 기분 너무 멋있음
@mashmello460,2021 설날 연휴입니다 생존자는 손을 들어주세요
@iro44,아 너무 좋다
@user-qg7gk2qk9y,노래 좋으네요..
@8_Ball_J,무대가 너무 간절한 상태인데 이 영상만 보면 뭔가 벅차다 처음 이 영상을 봤을 땐 부러웠는데 이제는 부러움을 넘어서서 내가 과연 무대를 섰을 때 저런 음악을 할 수 있을까 싶어졌다 뭔가 다 내 자신이 못미덥고 노력으로 이뤄낸 저 무대를 하는 콜드 플레이가 너무나도 대단하고 존경스럽다 저런 무대를 해볼 수 있을까
@MUT_Se_hyeon,할아버지 할머니 세대 : 라떼는 비틀즈가... 어머니 아버지 세대 : 라떼는 퀸이... 우리세대 : 지금은 콜드플레이가...
@sionjoe4223,라이브 쩐다.... 저렇게 움직여도 흔들리지 않아
@user-qv6lx2fl3q,또 보러왔슴메~
@user-gg5ue2js9i,아름다운 멜로디와 시적인 의미를둔 가사까지.. 너무 아름답다
@user-cc9cp2sp9s,하현상팀 덕분에 콜드플레이 원곡을 들어보네요. 원곡에서는 북소리가 인상적이네요.
@Hosupkim,Thank you
@tom-cr5ty,이노래 넘 좋아
@user-gd5uh3we4j,콜플 최애곡 Viva La Vida 언제 들어도 좋다. 나온지 꽤 됐는데도 아직까지 즐겨 찾아듣는 곡 ㅠ 영상 감사합니다 ~
@user-hx3ld4pb8r,나혼자 이영상 매일보는거 아닐꺼야....그치??
@smzoo3638,미쳤냐고...... ㅜㅜ
@user-wf5us2iv8v,호흡조절하며 뛰는 프로중에프로~
@eunseo08joe20,콜드플레이의 콘서트 영상을 보니 가슴이 뛰네요. 다시 내한해줬으면 좋겠습니다. 이 노래는 다시 들어도 명곡인것같아요
@user-wo8pb9wv1r,와~~~~~~~~~~~~~!! 소리질러~~~~~~~~~~~~~~! ㅠㅠㅠㅠㅠㅠㅠㅠㅠ 진짜 넘넘 감동이에요 ㅠㅠㅠㅠ 이렇게 영광스러운 무대 볼 수 있게 해주셔서 감사하고 자막까지 달아주셔서 감사합니다 흑흑흐긓그 흑흐긓 ㅠㅠㅠㅠㅠ 외쳐 갓드플레이~!~!~~!~!~!~!~~!~
@user-qg1xl5kw3b,감성폭발
@user-oq8ut4yc5t,콜드플레이 이 사람을 진짜 산으로 부를수 있습니다 존경합니다
@user-lf8de2cx1b,왕의 파멸 정말 잘 나타냇다
@misuktv,신나는 음악! 관객의 함성이 그리워 지네요. 코로나가 지나면  멋진 무대!  다시 볼수 있겠죠!
@user-ur7ro4bx1k,웅장하다 ~~ 다시한번 내한해주길
@user-fs5wf5bj9l,내한오면 더크게 부를수있어요ㅜㅜㅠ 코로나 빨리끝나서 공연가고싶다 하ㅜㅠㅜ
@bigfanofyewon6807,이상하게 국뽕이 차오르는노래.........
@user-qp5gd6ff4x,크리스 마틴도 단명하면 전설로 남아서 영화가 나오겠지만 영화로 안나와도 되니까 오래오래 살아서 계속 좋은노래 들려줬으면 좋겠다
@junghokim940,어제 라이브콘서트 봤는데 이곡 부를 때 진짜 직관했음 좋았겠다 싶었어요 ㅠㅜ 코로나 빨리 사라져버려라~
@korea8289,그저 레전드
@methodoflogic7513,이노래의 스토리는 한때 세상을 지배하던 자가 그 누구보다 낮아지고 (몰락) 그 사람의 관점에서 세상을 바라보는데서 시작한다. 이로써 세상과 힘 그리고 삶의 허무함을 노래하고있다.  ※Coldplay 왈 가사를 고민하던중 i used to rule the world(난 세상을 지배하곤했었다)가 뇌리에 스쳐 지나갔고 그걸 바탕으로 노래를 만든것이 바로 viva la vida이다.  그리고 i know Saint Peter won't call my name (나는 성베드로가 내이름을 부르지 않을것을 안다.)라는 가사에 숨겨진 뜻이 있다. 성베드로는 천국의 열쇠를 지닌 수문장으로 묘사되곤 하는데 베드로가 이름을 부르지 않는다는 것은 천국으로 갈 수 없다는 뜻으로 해석이된다.
@gray8921,예루살렘의 종소리가  라는 가사에 실제로 종치는 소리가 나즈막히 들리는게 최고인듯
@vacation109,이건 주기적으로 봐줘야돼
@hykk-kx6ml,2017년 4월 내한 절대 잊지 못한다 ㅠㅠ 그때 현장감은 아직도 기억나서 소름
@user-pl6zc2mc6s,어릴때 듣고 무슨노래였는지의 의문이 3년만에 풀렸다.. ㅠㅠ
@user-vs4ls5lg7d,“시험공부 안해도 백점 받을 것 같은 노래” -기말 3일 남은 중딩 리뷰: 평균 95.3
@user-du6be3mc9b,쇼미보고 생각나서 왔다
@user-vn8hq3mq7w,진짜 띵곡….
@GQ-lh6up,초등학생때 마인크래프트 fallen kingdom 듣고 이 노래를 알았는데 이 노랜몇년이 지나도 좋다
@jayk4762,음식을 포기하고 음악을 선택한 영국 아티스트들은 먹을만한게 없어서 헝그리 정신으로 작곡했나보네
@soonsangryu1421,이노래겁나좋아
@S0odal,이거 보고 콜드플레이 콘서트 가기 버킷리스트 추가함
@user-kd5hg6ld1q,1:05 콜드 플레이의 매력에  빠지면 이렇게되는건가
@user-lm9hj5uw4l,2:11 저때 손피한다고 박자놓치는 상상했닼ㅋㅋㅋㅋㅋㅋ머릿속에 둥둥둥둥 치다가 둥둥...둥...하는 내가 너므 잘 상상된다 ㅣㅋㅋㅋㅋㅋㅋ
@user-uz5nt8il2w,전주만 들어도 온 몸에 닭살이 다 돋는 노래는 이거 따라갈 곡 없음.
@user-bs2cx8ko7y,내삶이 담긴노래같아서 더욱 애정이가는노래같다
@user-lc9xv2kt8k,핸드폰 액정 밖에서도 미치는데 저 자리서 다같이 때창하면 진짜 재밌겠다
@Arbalest150,나의 거울과 검과 방패가 되어주오 이방의 선교자들이여   가사부터 간지남
@AllYouNeedlsL0ve,영화관에서 보았던 Live at River plate.. 제 짧은 인생에서 가장 인상깊었던 영화 중 하나입니다 콜드플레이가 전해준 가르침 Believe in love 항상 잊지 않을게요
@Stevan-ll9fr,완전 내가 좋아하는 내노래네~~~^^
@user-or1yh2dc8u,인생에서 성공하면  이런 기분이겠지
@user-rt5pj1bj2v,가사대로 코로나는 폭군이고  코로나 종식되는 날 폭군이 죽었다는 의미로 이 노래가 울렸으면
@GANG_DO,길 걸으면서 들으면 길에 레드카펫이 깔리는 느낌을 받을 수 있습니다!
@user-sh9um4up7s,가사 멜로디 최고
@user-el3jh5zu5p,2:11 !?
@dojugi123,제목만 보고 어떤 노래인지 몰랐는데 영상 틀어서 들어보니 아! 이노래였구나 할정도로 유명한 곡이죠 ㅎㅎ 콜드플레이 정말 너무 멋있고 노래도 너무 신나고 행복해지게 만들어주시는것 같아요 너무 잘 듣고 가요 ㅠ 항상 응원합니다 ㅎㅎ
@user-zt7hl8ki1z,한 사람이 아니라 인류 전체 역사의 마지막 페이지에 어울릴만한 노래
@risu00,가슴이 벅차오르는 전주 1위
@user-gl7xt4fl3n,"번역 매끄러운거 보소... '그' 사람이 했다면 어땠을까..어땠을까...어땠을까아... ""나는 세상을 지배하곤 했었지.""로 시작할라나.."
@CatStew258,북치면서 엇박으로 종까지 치냐 대단하다 ㄹㅇ
@user-js9cm4el4g,가슴이 웅장해져서 미치겠슴.. ㅜㅜ
@user-yx8dj9yx1l,노래가 힘을나게 하네요
@user-cu3id7eh3l,"""나는 퇴물이란 단어가 진짜 싫었음.. 전성기가 지났다는 거니까.. 지금은 퇴물이란 단어를 받아도 감사함을 느낌 나도 전성기가 있었다는 거니까"" 라는 명언"
@user-he9bc4qs2v,이거 진짜 콘서트 찍은거에요?  무슨 영화에 한 장면같네......
@user-cn5uh1lv1c,너무신나는 노래
@user-is2ex8gu9u,영원하리라~~~
@user-bn3ot4ji4f,이거 가사 잘보면 약간 찬송가+팝송 같음
@user-sb8gw9wz1y,저걸 영화로 만들면 조질듯
@shriver1003,우와 진짜 유트브 알고리즘  미쳤다 고기집 에서 이노래 듣고 네이버로 노래찾기했는데 사람들 웅성웅성 말하는 소리로 못찾아서 지나갔는데  유트브 가 찾아주네 ㅋㅋ 유트브 도청 하나 ㅎㄹ
@dodotv8133,이게 콘서트지.. 그냥있던노래나부르고 하는게아니라 정말 같이 즐기러 관중과 놀러온기분
@user-yl9dg3wr3c,어째 인류가 이 노래를 부를 날이 머지 않았을거 같다
@user-dn4qm1zg2p,내가 꼭 가고싶었던 내한 : 아비치 지금 꼭 가고싶은 내한 : 콜드플레이 알렌워커 체인스모커스 마시멜로 마틴게릭스 데이비드게타 카이고 마룬 5
@lillllil1214,가사번역 by 영화번역가 박지훈  이 아니라 다행이네
@user-iu5qu8mc9j,이 무대 볼 때마다 움 막상 듣기만 할 때는 그렇게 신나는데....
@user-rn9sl9il4x,음원사재기 땜에 빡처서 귀정화하러 옴
@ysm2303,2019년 마지막을 이 곡과 함께 하다
@juicepower2012,흐르려는 눈물을 억제하며 들어야할지 살짝 흘려야할지 고민하게되는 곡 드럼소리가 심장박동소리로 오해되는 곡
@user-lf1jq1xx1t,와 이걸 라이브로 들으면 얼마나 지릴까???
@user-nv7kj3jn8t,2:11 ㅇㄴㅋ⫬ㅋ⫬ㅋ⫬ 왜 손집어넣는데 ㅋ⫬ㅋ⫬ㅋ⫬ㅋ⫬ㅋ⫬ㅋ⫬
@user-gv8vi9gh3o,"할아버지께서는 아빠에게 비틀즈에 대해서 말했어 ,  그리고 아빠는 나에게 퀸에 대해 말했지  , 이제 나는 자식에게 콜드플레이를 말해줄거야."
@arianaausa,사람들의 전성기는 언제될지 모르지 하지만 열심히 살다보면 그 시절이  좋았다고 느낄때 그게 바로 그 사람의 전성기 아닐까
@Junme999,이노래 진짜 웅장하고 들을때마다 전율미침 특히 북인가? 칠때 퉁퉁 거리는게 진짜 너무 전율이..어우
@chardri7934,"I used to rule the world Seas would rise when I gave the word Now in the morning, I sleep alone Sweep the streets I used to own  I used to roll the dice Feel the fear in my enemy's eyes Listen as the crowd would sing Now the old king is dead! Long live the king!  One minute I held the key Next the walls were closed on me And I discovered that my castles stand Upon pillars of salt and pillars of sand  I hear Jerusalem bells are ringing Roman Cavalry choirs are singing Be my mirror, my sword and shield My missionaries in a foreign field  For some reason I can't explain Once you go there was never, never a honest word And that was when I ruled the world    It was a wicked and wild wind Blew down the doors to let me in Shattered windows and the sound of drums People couldn't believe what I'd become Revolutionaries wait For my head on a silver plate Just a puppet on a lonely string Oh, who would ever want to be king?  I hear Jerusalem bells are ringing Roman Calvary choirs are singing Be my mirror, my sword and shield My missionaries in a foreign field  For some reason I can't explain I know Saint Peter won't call my name Never an honest word But that was when I ruled the world  Oh, oh, oh, oh, oh I hear Jerusalem bells are ringing Roman Calvary choirs are singing Be my mirror, my sword and shield My missionaries in a foreign field  For some reason I can't explain I know Saint Peter won't call my name Never an honest word But that was when I ruled the world"
@user-vm3dq3sg8s,2020 9월입니다 생존자는 손을 들어주세요
@Luke-yd8sn,유툽 최고의 영상! 단언컨데 유툽아니면 절대 못볼 영상!!
@Stevan-ll9fr,콜드플레이.노래좋네여.내가 원하는 노래네요~^^
@qkrgk8173,영국이 음식을 포기하고 프랑스가 음악을 포기할 때 왜 우리는 먹을 거 재배하면서 노래했냐고
@whitelive7498,보고 있나? 박지훈? 번역은 이렇게 하는 거야!
@user-bw4wh2pl8i,전주만 들어도 웅장하거 지리는 노래 ㅋㅋ
@osanraven,역시 황석희야
@jjangggaeramen,보헤미안 랩소디처럼 콜플도 나이가 들때 영화 만들어졌으면 좋겠다 영국밴드끼리
@it_will_b_ok,3:38 북치는 사람 한계점 와서 몸 꼬이기 시작한듯 ㅋㅋㅋ
@TV-ko4nk,레전드!!
@yongheekim1826,That was so relaxing when i was there
@longlivethegombo,시민의 왕이 등극한 프랑스의 상황을 으스트리아의 작은 도시에서 들은 샤를 10세의 상황
@user-ct9en8el4p,이 라이브 영상 들으면 음원 못 들어 진짜...
@habalagigoul3901,사실 2012년 여름에 '몰락한 왕국(Fallen Kingdom)'이라는 마인크 패러디 영상에서 처음 들었다가 2014년에 진짜 원곡을 알게 되었는데 ㅎㅎㅎ  이젠 추억이 되어가는구나
@user-wp3dc2es3r,코로나 종식 선언 하고 인간승리 하고 마스크 찍고 이 노래 틀고  신나하는 날이 왔으면 좋겠다 ㅠㅡㅠ
@user-lv4ko4vo7g,분명 저사람들도 집가서 침대에누워서 실실 쪼겔거야
@hala_madrid1056,진짜 즐기는게 보인다
@user-yh2kw6xe2n,몰락한 왕의 심경 이야기를 왤케 신나게 만들었냐. 좋긴 오지게 좋네. 쿨해서 유쾌하게 느껴지긴 한다.ㅋ
@KAS1A0616,멋지다..
@LONG100B,이것만 들으면 나도모르게 책상을 북소리에 맞춰서  치게되네
@user-pf1bq9bn5k,코로나 땜에 집에서 이거 듣는사람?
@user-un6gd7od4l,가슴이 웅장해진다..
@user-lm1zr9ek5q,핸드폰으로 듣기만하는나도 가고싶다ㅜㅜㅜㅜㅜㅡㅜㅜㅜㅜㅜㅜㅡㅜㅜㅜㅜㅜㅜㅜㅜㅜㅜㅜㅜㅜㅜㅜㅡ
@user-ek6tc3qh8k,2020 9월 듣는사람..? 뭐했다고 벌써 9월인지...
@user-rr5td2hs2w,와 북치는형 안힘드나 조낸 힘들꺼같은데  저거 1분만 저렇게쳐도 개힘들던데
@user-bk2zx6vn6l,하루빨리.코로나가 사라지길..ㅠㅠ 이장면들 보니 괜히 눈물나네요 콜드플레이 한국오고파 한다는데...call주최?가 없는듯 ㅠㅠ
@user-pp6dd8yn9n,이영상은 수도 없이 봤는데 볼때마다 벅차오르냐
@user-dq6ek8vu4q,그래 이 북소리가 내 심장을 울린다고
@HSK9134,러시아의 침공으로 고통받는 우크라이나 사람들이 전쟁에서 승리하고 거리에 이 노래가 울렸으면
@user-yt2yd6xg6v,우린 비바라비다
@O.Oforthe1,내 버킷리스트 중 하나... 콜드플레이 콘서트 가기
@sunset__02,2020/8/24 원하는 대학 수시로 합격후 오겠습니다. 수시발표 11월..그때 좋은 결과 들고 오겠습니다. 2020/11/3 드디어 수시결과      합격했습니다!! 이 노래가 절 합격의 길로 이끌었습니다!
@entp3377,정말 뜬금이지만 뒤에서 계속 북치는 사람 두더지 게임 잘하겠다
@user-jl3bb6fy8l,넘귀염
@user-sr6uj1gm7x,나는 이노래가 너무 좋습니다
@user-fg2zm1ig4o,한국은 랩의 나라가 아닌 락의 나라가 되었어야했다
@mangnyeong._.,이거 들은후로 음원을 못듣겠다....
@coconutgaribi5823,너무좋당..
@Ganji_name,와 진짜 띵곡 인정...
@user-dw8fv1qv1t,노래는 군중을들썩이게하고 군대는 군장을 들썩이게한다
@user-sj7gv7im7t,저관객중 코로나 확진자 한명이 있으면 생각을 했는데 존나 끔찍하다
@DuckDuck_9911,몇년전에 처음듣고 찾고있었는데 알고리즘덕에 알았습니ㅏㄷ..
@user-bu2un5kk6i,포레스텔라 공연때 피날레곡으로 들었던 곡인데 멋지네요~~
@june9369,2019년 수험생들 힘내세요 화이팅!!
@user-rx2uz3ld2b,퀸이없는시대를달래줄콜드플레이임 ㄹㅇ
@user-lb1ze2lg1u,따라할 수 있는게 비록 우오와오오 밖에 없지만 제일 좋아하는 노래
@user-yo6lx9bv9w,웅장이 가슴해진다 ㄷㄷ
@eeekenaranaa5324,가사가 너무 철학적이고 인생무상과 인간의 본성 나약함 이런것들을 느낄 수가 있다 명곡은 영원하다
@user-wh3nd3fq2t,2019년 12월 이영상 보러온사람 손!
@user-ig3px5oi9e,Long Live the Queen!
@Tv-tw5vg,와 대단하시네여  ㅎㅎ
@user-hn9nr2tf8m,1:05 긴급속보입니다. 공연장에 오스트랄로 피테쿠스 불법 난입으로 인하여.......
@user-qg5lx7rf6r,@2:32 고 윌~
@mytrue8763,good song
@user-jg2wq2cd7r,너는 해낼 수 있어 너는 뭐든지 할 수 있어..
@minimani3752,2020.11.01 생존자 손
@user-zm9cc5tj8i,"2:10 크리스 마틴이 손 넣고서 대머리 아저씨 반응 대머리 아저씨: ""오호 이새끼봐라?"" 크리스 마틴: ""쳐 보던가 ㅋ"""
@user-kr216rt,최고
@user-ft3fp5ow7n,유튜브 뮤직이 있어 정말 다행이다 ㅜ.ㅜ
@user-sd9kf4dp1b,저형 저옷디게 좋아하나보네 ㅋㅋ
@redmanandpigs,아직 듣고 있진 않겠지?
@user-xu7so2dt9c,"시험기간, 밤새도록 공부하고 도서관 나오면서 일출 보며 듣던 노래"
@user-tl1ff5pf7v,역시  영미얌
@user-sf4et7wo6c,2021년도에도 보려고 온사람 손
@TheReds1,2020년 8월 이후에 온 사람 없겠지?
@user-tk7mk2wx8r,와 함성소리....와 전율이ㄷㄷ
@user-rj6lp7qk6m,최고의 엔딩곡
@sunset__02,나는 어떻게 양손으로 북이랑 종 박자를 다르게 칠 수 있는지 신기하다...내가 치면 중간에 박자가 같아질텐데..ㅋㅋㅋㅋ
@user-pj7ww8qi7l,0:09 1:05 이 사람은 1분동안 저러고 있던거임?ㅋㅋㅋㅋ
@junghyun7900,진심 멋지다
@user-yt6hd5xu2i,와 죡댄다 진짜 직관가고싶다
@user-zx3ir7kd7b,아 한국에서 해주면 이거 10배는 들려줄 수 있는데
@user-vp3zm9tr2y,"고등학교 합격해서 오겠습니다, 약 100일 남았다."
@jinheepark3264,땅속에 있다가 세상밖으로 꺼내져서 숨쉴수있게 해주네요
@LOL_is_fun17,한국에 오시면 열창하러 간다 꼭
@apro8900,노래이름이 '비바라비다' 인데 '비바람이다' 라고 검색하면 뜸ㅋㅋㅋㅋㅋㅋㅋㅋㅋㅋㅋㅋㅅㅂ 개웃기네
@user-nb3in7yb1k,2020년 11월 입니다  생존자 는 손을 들어주세요!
@galileogalileyee,가사 진짜 심오하고 멋있다
@user-cx8cg8kv7l,레전드지 그냥
@user-np6xk8bk5c,2:11 북 칠 때 손 잘못 집어넣어서 맞으면 존나 갑분싸아니냐ㅋㅋㅋ
@--____-,1:04 ㄹㅇ 이러지맙시다 뒤에잇는사람은 개때리고싶으니까
@user-ph3kq7pf4i,힘이 솟는다!!
@Stefan_Bajcetic,면접 너무 떨리지만 열심히 능력껏 잘 해오겠습니다!
@illililllliil,무심코 tv보다가 현대카드 광고에서 viva la vida 도입부만 나오는데 진짜 찌릿찌릿
@user-vj5bm4sv8q,웅장하고 벅찬다ㅠㅠ
@user-eq9wu2ej7l,아아아 비바라비다 비바라비다
@user-tx5is4ws5l,와 그냥 존1나 멋있다 ㄷㄷ
@leesss2825,아 와 진짜 미쳤다.....
@jw_gardening_jopd,"여기서 이런 댓글 본 것 같은데 수천명의 사람들이 마스크 안쓰고 따닥따닥 붙어서 같이 떼창하는게 그립다...근데 진짜 그립다,,,언제쯤 코로나 시국 이전의 일상으로 돌아갈 수 있을까..."
@highhigh2620,요즘 듣기 좋은 노래
@note5096,2:53 와 북치는 형 팔에 테이핑까지 하셨네 ㄷㄷ 진짜 보기민 해도 힘들다
@NASDAQLOGI,절제된 줜내 신나는 곡
@MrWitch4w,진짜미쳤다
@national_power_level,여기 번역 맛집이네 ㄷㄷ
@user-db4vn3pk1k,long live the king!
@user-kk2lq4tw8m,와...무슨 영화 끝날때 마지막에 나오는 엔딩장면 같다..
@user-yy1dz2xe6c,기빨릴때 ᆢ 충전^^ 완료했습니다
@bada9894,팝에 꽂히는 경우는 거의 없는데 이 곡만큼은
@user-ix3ou9tc6x,"1:50 왕관 내려놓는 모습 왜 눈물나지 .. 너무 이유없는 눈물이야,,,"
@jkkim3709,가사가 이렇게 심오한지 모르고 흥얼됬네요
@xjoon,와 3:00 카메라가 가르는데 소름 돋는다
@user-yf1uz4sc8l,노래가 너무 슬프다...
@no5413,노래좋당ㅎㅎ
@luckguy8376,그냥 신나고 축제내 완전
@luxulee9407,신나는 비트에 서글픈 가사. 그런데 응원이 됨.
@user-tl1ff5pf7v,가사가 죽인다^^*@@@@¤¤¤☆!
@user-lk2nx2ez4l,곡도 웅장한데 떼창도 웅장♡ 멜로디가 어쩜 이럴수있나여? 최고 최고 나도 떼창하러 가고싶당~~ 내년 오시나요? 아프지말고  얼릉 와주세요
@noah0411,3:11 쾌감 지린다 진짜..ㄷㄷ
@user-nj3vx2si5t,너무 이뿌다 한국에서의 공연도 이뿐 편집 부탁드립니다
@Kkukkuleo,워어어어 떼창할 때 갑자기 울컥하면서 눈물 나지.... 안 그랬는데ㅠㅠ....
@user-bp2zt3hv6d,이노래만 들으면 뭔가 가장 높은 곳에서 하늘을 날고 있는 기분임. 그 있잖아 뭔가 다 할 수 있을꺼 같은..  그래서 이노래 들으면서 옥상 올라가서 난간 위로 올라갔다가 나도 모르게 뛰어 내릴뻔 했다
@KimchiKimchiYoutube,대머리 아저씨 뭐지? 개고수 인데? 박자 지린다
@jameslee9080,"그들은 우릴 벅차게 하며, 내 지금을 박차오르게 한다. 오늘날 최고의 미셔너리, 콜드플레이"
@user-tr6fv9do8t,와 진짜 이노래는 백번 천번 들어도 질리지가 않아.. 진짜 가슴벅차오르고 내가 다 기쁨. 혹시 이런노래 알고 계신분 있으면 추천좀.. 개좋으면 넙쭉 절할께.(_ _)
@GoYounhazzang,와줘 제발..
@boocdl625,"voice, sound, beat, meaning of the lyric and human DNA"
@imjmwdp1,캬
@_kei6428,지금 내가 겪는 고통을 이해할수 없지만 나는 이곳이 동굴이 아니라 터널이라고 믿는다
@user-on2wj2wy6k,멋찌다 저 함성도 뮤직비디오 저리가라네
@user-du4sw8ep6p,이것이야 말로 세기의 명곡
@user-vz5oe4qi5s,지금 이 유튜브 영상 그대로 음원 내줬으면 좋겠다 이거 듣다가 음원들으면 뭔가 허전하고 심심함
@lovelycoco717,이곡 열라 슬퍼
@user-sz1ed5lo8m,잠시 신이 내려와 영감을 주지않으면 절대 못만들 노래임.
@user-dw6nl8ym6d,멋지다
@KoreanJeongTV,역시 브라질 상파울로에서의 라이브였군요... 브라질 사람들 열정은 정말 대단하고 알아줘야 합니다.  영국하면 떠오르는 가수는 비틀즈이지만 영국하면 대표적으로 나오는 노래는 바로 콜드 플레이의 이 노래가 대명사 같은 노래가 된 듯 합니다.
@football_forrest,죽기전에 한번이라도 실제로 보고 느낄 수 있을까
@user-nv4ff5hs3c,내가 가수라는 꿈을 갖게 해준 영상
@simonjeong1381,"특별한 의미 부여는 아니었지만, 단지 이 노래를 처음 들었을 때의 느낌과 어줍잖은 가사 해석의 기억에 따라... 결혼식 행진곡으로 사용했습니다. 제 입장곡은 Adventure of lifetime...2017년 12월 당시에는 조금 생소한 곡들을 선택했다 생각했지만, 지금 당시 영상들을 봐도 '다시 돌아가도 이 노래'였을 거 같습니다. 와이프와 마지막 행진곡 선택 때 여러 후보들 노래들을 들어보며 고민하던 때, 우연히 외출 후 돌아오던 차에서 결혼 후 미래에 대한 불확실하지만 조금은 희망 섞인 대화를 나눌 때 'Viva la vida'가 흘러나왔습니다. 그러면서 둘 다 망설임 없이 행진곡으로 선택했습니다. 처음 이 곡을 접했을 때부터, 저에게 이 곡은 특별한 의미로 자리 잡았나 봅니다. 언젠가 다시 내한한다면 그때는 꼭 저희 가족 모두 가볼 생각입니다.(지난 현카 슈퍼콘서트 못 가서 아직까지 아쉬움에...ㅜ)"
@o6974,관객와우 대박
@user-bi8zp9th4p,인류가 끝날때 마지막으로 틀어 놓을 엔딩곡은 이거다
@user-sirius3,viva la vida = 인생이여 만세
@saymiya25,조동사 used to 를 설명하기  좋은 가장 멋진 팝
@roy5290,아니 ㄹㅇ 썸넬부터가 일단 누르고 보는겨
@doc1037,만약 외계문명에게 지구의 음악을 단 하나만 대표해서 들려줄 수 있다면 선택하고 싶은 곡.
@janjanbari03,가슴이 웅장해진다
@comeinf,말로 설명할 순 없지만 저 높은곳에 앉으면 진실함은 존재하지 않네
@user-qg1iq5kt5u,오오오오오오오오오오 오오오오오오오 팝송쳤는데 기가 막히게 찾아주네ㅋㅋㅋㅋㅋ
@user-pd6pv1mg3b,"드럼치는 윌 초창기땐 험악하긴해도(?) 머리 있었어요!!! 피아노, 기타, 베이스까지 할줄알고 노래도 꽤 잘부르는 만능이라구요...ㅋㅋ"
@user-nb9qy1jo5t,와 지린다
@user-io1qj8bt8v,힘내쟈
@user-vs5xw6oi6z,무한반복중! 종소리가 귀에서 계속 나는 신기한 경험
@user-br8yi8ic7b,음악이 맘에드는데 언어가다르니 내용을 잘모르겠는게안타깝다...번역기를 돌릴수있거나하면좋을텐데....가사번역감사해요~
@hapil2452,정확히 기억은 안나는데 누군가가 말했죠 인류 역사가 한편의 영화라면  엔딩 크레딧은 이 노래가 나와야 한다고
@i_love_frog,웅장해진다
@user-rb4cp9lu5s,출산 축하드립니다
@kyeon_ty4966,이제 곧 몰려들 영상
@user-jo5fe6yc4j,"근데 이것저것 중요한것들이 많지만 그것보단 어쩌면 저에 대한 존경, 끝없는 경외야말로 우리 인간이 이뤄내야할 지향점이 아닌가싶어요.. ㅎ"
@user-fh9br6lx3m,가고싶다
@user-vy9is8xv1t,음식보다 음악을 선택한 나라
@user-dq4nl5pp5w,술마시며 듣기 좋다 너무 행복하다 이순간
@Reclc,새해 첫노래
@Sunny-hy4de,GOOD
@jungwon9251,인생만세
@user-yb1us9zf9h,
@davidjung7302,"이유 모를 전율, 콜드플레이 밴드 노래들은 다 좋지만 콘서트 라이브 영상과 함께 들으시면 더 좋답니다."
@user-fh1zt6dr7m,"오.. 몰락한 왕이 새로운 왕의 즉위를 보고 듣는 걸 표현한 것 같은데, 백성들의 노랫소리라는 가사와 콘서트장의 함성소리가 의도한 것처럼 잘 맞네"
@user-nc4by6zc9n,굳보이즈
@user-bi6ss2qf6r,진짜 영국은 밴드가 너무 멋있음... 비틀즈 오아시스 콜드플레이 원디렉션 이 4개만 해도 웅장해짐
@user-lu5dg1cn2z,You r the best singer ive ever had?! ㅋㅋ
@CMC93.7.15,자신을지배하는자 세상도지배할수있다
@mnmnmn1082,21세기에 느낄 수 있는 최고수치의 낭만과 감동임
@hamzzi_GOD,진짜 볼때마다 웅장함... + 인이어를 안끼고 하네 고인물인듯
@user-jb5yl7ib4s,거리두기 풀린기념 성지순례왔습니다!!올해부터 콘서트가도되나요!?!?제발 ㅜㅜ
@user-uh5tg4qc1b,와 진짜 가슴이 웅장해진다 전역할때 이 노래 들으면서 나가야겠다
@secretary6271,코로나 종식 되면 이벤트로 공연하면 크
@latz3614,그 댓글 어디갓지... 인생이 비디오게임이면 엔딩크레딧에 나올 음악이라고
@kkolzi,어우...소름
@polaris9181,때창이 가장 잘 어울리는곡
@user-iq1ll7sg9b,와 샴페인과 함께 하는 시간이 되면  좋은걸요 왜이노래를 들으면 슬퍼지나? 헐 땀뒤에
@hjinii,남미 분들도 흥이 장난 아니네요
@user-lq3ih5mw7x,이거랑 this is me가 힘들때 들으면 진짜 눈물트리거임
@user-uh9dz6rh2f,북치는분 대단;;
@warew_of_waffle,무대에서 박수를 받으며 사는삶... 부럽다
@Hogwarts_graduate,예루살렘의 종소리 할때 은은하게 종소리 들리는게 날 미치게해 ㅠㅠㅠ
@youtube-offcial,"EBS교육 및 강의, 교양프로그램, 군대 정훈교육영상들의 오프닝 단골 곡, 노래는 좋으나 이 노래가 나오면 항상 졸리거나 시작도전에 지겨워짐 ㅋㅋ"
@user-hj6bt5tl1m,아~~우린 비바라비다 우린 비바라비다
@yeondalrae,2:33 와 소름이 쫙 돋는다
@user-cf8oj8br2b,앗 내 인생노래
@aitbal,쩐다
@LNeop,수 많은 관중을 거느리는 왕이 되는 기분...
@leetae007,같이 있고 싶다 같이 부르고 싶다 모두 즐거워 보인다
@user-xi2uz4vn7i,콘서트를 영화로 만들어버린 영상  그저 경이롭다.  파리 올림픽때는 코로나전쟁이 종결되고 전 세계인 다 함께 놀았으면....
@user-cb4rj2tt5n,viva la viva
@user-uy4yr7jb2k,북치는 아저씨 짱
@user-vo4tg7ow9d,이건 라이브가 국룰이다
@user-jc5fy7vz4p,2024년도 손!!!
@user-xw3sf1ef3d,전 이게 새해의 첫 곡 이메요 조금 튀햇는데 모두 새해벅 많니박으세여 ㅎㅎ
@user-qg2db8yp1i,"나의 역사는 흔한 폭군으로 남겠으나, 이겨낸 자들의 역사는 신화가 되리라."
@user-ww5uu8ni6f,왜 이제야 나를 찾죠?...
@s30hyun,
@user-dk6nc9dn3h,난...이 노래가 왜케 슬플까...
@user-sirius3,이 영상을 보니 인생은 아직 살만한 가치가 있는 것 같다 소름
@vs2446,내년에 볼수 있을까?
@user-fk9ji8qr1z,"앨범 이미지음악재생 I used to rule the world Seas would rise when I gave the word Now in the morning I sweep alone Sweep the streets I used to own I used to roll the dice Feel the fear in my enemy's eyes Listen as the crowd would sing Now the old king is dead, Long live the king One minute I held the key Next the walls were closed on me And I discovered the my castles stand Upon pillars of salt and pillars of sand I hear Jerusalem bells a ringing Roman Cavalry choirs are singing Be my mirror, my sword and shield My missionaries in a foreign field For some reason I can't explain Once you go there was never Never an honest word But that was when I ruled the world It was the wicked and wild wind Blew down the doors to let me in Shattered windows and the sound of drums People couldn't believe what's I'd become Revolutionaries wait For my head on a silver plate Just a puppet on a lonely string Oh who would ever want to be king? I hear Jerusalem bells a ringing Roman Cavaly choirs are singing Be my mirror, my sword and shield My missionaries in a foreign field For some reason I can't explain I know Saint Peter won't call my name Never an honest word But that was when I ruled the world I hear Jerusalem bells a ringing Roman Cavalry choirs are singing Be my mirror, my sword and shield My missionaries in a foreign field For some reason I can't explain I know Saint Peter won't call my name Never an honest word But that was when I ruled the world"
@Rimac-yb7hd,이노래 찾다가 레전드 공연이라고 치니깐 나왔다.
@AllYouNeedlsL0ve,내년 4월 내한 진짜 가고싶다
@ckqw,2022년에도 듣고 있는 사람?
@berk0876,흰티셔츠 멋지다
@user-pg9qb3vt6c,
@summerrain2324,4분이 순식간에 지나가버리네
@mesRM,때창 소리가 지려
@user-qm2ig1ye6b,헐 저기 끼고싶다
@jinjiibbai,"I used to rule the world Seas would rise when I gave the word Now in the morning I sweep alone Sweep the streets I used to own  I used to roll the dice Feel the fear in my enemy''s eyes Listen as the crowd would sing: ""Now the old king is dead! Long live the king!""  One minute I held the key Next the walls were closed on me And I discovered that my castles stand Upon pillars of salt and pillars of sand  I hear Jerusalem bells a ringing Roman Cavalry choirs are singing Be my mirror my sword and shield My missionaries in a foreign field For some reason I can''t explain Once you go there was never, never an honest word That was when I ruled the world   It was the wicked and wild wind Blew down the doors to let me in. Shattered windows and the sound of drums People couldn''t believe what I''d become  Revolutionaries wait For my head on a silver plate Just a puppet on a lonely string Oh who would ever want to be king?  I hear Jerusalem bells a ringing Roman Cavalry choirs are singing Be my mirror my sword and shield My missionaries in a foreign field For some reason I can''t explain I know Saint Peter won''t call my name Never an honest word But that was when I ruled the world  ooooo ooooo ooooo oooooo ooooo (repeat with chorus)  I hear Jerusalem bells a ringing Roman Cavalry choirs are singing Be my mirror my sword and shield My missionaries in a foreign field For some reason I can''t explain I know Saint Peter won''t call my name Never an honest word But that was when I ruled the world"
@user-uv7eg8jd4l,가사 정말 좋은데.......~☆☆☆☆☆
@user-xx8hv9pc6w,"드럼과 심장 박동이 하나가 될 때, 우리는 살아있음을 느낀다."
@user-gc9jh1dp6d,
@sungwoojo731,북멍~! 북소리에 빠져드네요. 재생을 몇 번이나 하고 있는지..^^;
@user-nz7qb7qo7m,음악 창조하는거  천재들인거같음
@user-jk1ft3fv5t,진짜 가사 존나멋있다..
@moonin9u_na,오 가사번역 황석희님이네
@user-tp8zf7go8u,ㅇㅈㅇㅈ
@91-yo6um,들을 때마다 보에티우스가 떠올라요
@user-kp8uw5rl6p,️
@user-mv2cc6dq6h,태버 비바라비다 보고 온사람
@user-oo5ov1qi1y,우리는..
@user-jv2wv4py6n,Wow
@user-jm3ke5yc1m,코로나 전으로 돌아가고 싶어지네
@user-ek3uo4rs1u,그 때 우리는 콜드플레이의 시대를 살았다
@user-go6gx3oh1j,"I used to rule the world  Seas would rise when I gave the word  Now in the morning, I sleep alone  Sweep the streets I used to own  I used to roll the dice  Feel the fear in my enemy's eyes  Listen as the crowd would sing  Now the old king is dead! Long live the king!  One minute I held the key  Next the walls were closed on me  And I discovered that my castles stand  Upon pillars of salt and pillars of sand  I hear Jerusalem bells are ringing  Roman Cavalry choirs are singing  Be my mirror, my sword and shield  My missionaries in a foreign field  For some reason I can't explain  Once you go there was never, never a honest word  And that was when I ruled the world  It was a wicked and wild wind  Blew down the doors to let me in  Shattered windows and the sound of drums  People couldn't believe what I'd become  Revolutionaries wait  For my head on a silver plate  Just a puppet on a lonely string  Oh, who would ever want to be king?  I hear Jerusalem bells are ringing  Roman Calvary choirs are singing  Be my mirror, my sword and shield  My missionaries in a foreign field  For some reason I can't explain  I know Saint Peter won't call my name  Never an honest word  But that was when I ruled the world  Oh, oh, oh, oh, oh  I hear Jerusalem bells are ringing  Roman Calvary choirs are singing  Be my mirror, my sword and shield  My missionaries in a foreign field  For some reason I can't explain  I know Saint Peter won't call my name  Never an honest word  But that was when I ruled the world"
@sleeping_cats479,이 노래 무려 13년된 노래입니다
@hatejoonchi,원곡보다 팬분들환호하는게더노래좋네ㄷ
@user-hk9xu3eu7z,나도 이런 콘서트 한번 가볼수 있을까? ㅋㅋ
@R5dongja,인류의 흥망성쇠를 담은 노래
@user-ww5uu8ni6f,"I love this song, and heared in paradise hotel as tranee!!!!!"
@kimsangsu1004,Long live Korea🇰🇷
@tesslee3271,대머리 아저씨 박자 레전드다.. 진짜..
@user-fh9ne1ve4g,2022년 첫 유튜브& 첫 노래
@hyp-nr6wo,25Mㅊㅊ
@jiwonjang6689,개지린다그냥
@user-wh8ci4tb2t,3모 보고 왔는데 우울한 마음이 싹 날아가네욤
@10.sept.10,가히 압도적이다
@LOGO-xd4pw,
@user-vl4ez9pl1s,진짜 우리나에도 이런 노래가 있지!  신해철의 그대에게!!.... 전주부터 걍 다 쓸고 들어가는...
@user-er7zf1tf6q,콘서트에서 떼창하기 가장좋은 노래
@user-vq9dw6sx8r,한국에서 공연할때 진짜 모든 사람들이 따라부르고 심지어 퇴장할때도 다같이 노래 붙르면서 나간게 기억남…ㄷㄷ
@interesting7520,아아...
@zzzpp,이게 2008년도 노래라는게 믿기지가 않음ㄷ
@chaconomy,신나면서도 장엄하고 묘하면서도 무서운 곡일세~~~~~ 저 높은 곳에 앉으면 진실은 존재하지 않는다네..... 성베드로가 내이름을 부르지 않겠지~~♬
@lunajun2598,시. 소설같은 가사가 넘 멋집니다. 우리나라도 사랑타령 좀 그만하고 이런 멋진 곡이 좀 나왔음...
@user-kl3em7ko9u,우크라이나 전쟁 뉴스 접하며 매일 오게 되네요. 푸틴 아저씨 듣고 계신가요.
@user-vl4sw3tr9p,2022년 출석하고 간다
@youngjinieyo,화려한 청춘이 기다리길
@marlingazamimuchim9426,농담 안 하고 들을 때마다 벅차오름
@user-xx4ou2qw1q,내년 4월 내한 가고 싶다ㅠㅠ
@STP12345,진짜...가수는.......좋겠다...ㅎ
@user-ml7sg8cu6m,더 분발해 주세요 콜드플레이! 남편이 이 노래를 들어본 적이 없대요;; ㅎㅎ
@som3day,영화같다 진짜
@user-cq7gd9zo3c,"날개야 다시 돋아라.  날자. 날자. 날자. 한 번만 더 날자꾸나.  한 번만 더 날아 보자꾸나.   /이상 - 날개"
@CMC93.7.15,
@user-lp2bs4sd3n,여러번 봐도 질리질 않넹
@Kinksjenen1,하아 코로나 씨발때문에  젊었을때 아무것도 못하는게 너무 싫다
@imk1596,
@user-lp2wb3ry5w,전세계 스탠다드가 있어야한다. 저런자리에서 지키는 질서 등등
@user-sx3vm7wx4r,콜드플레이
@anio3342,나도 남준에게 전하는 글이 단어 하나하나 너무 이쁘고 이룬 글들이 하나하나 너무 감동이었는데  왜 남준이 응원했는지 알겠어요 남준 마음이 내 마음이고 이 노래가 노랫말이 너무 이뻐요
@user-ie6ou9xv9o,Let's go for Korea's good win!! 🇰🇷🇰🇷🇰🇷🇰🇷🇰🇷🇰🇷🇰🇷           한국의 좋은 승리를 위해 가자!! 🇰🇷🇰🇷🇰🇷🇰🇷🇰🇷🇰🇷🇰🇷
@user-jw2ny4vu2z,3:11 지구상 어떤 사람이 이 장면을 보고 뽕이 안 찰 수가 있을까
@user-nz1vx6vh3n,이런댓글 있었던것 같았는데 인류사가 한편의 영화라면 이노래가 엔딩곡이라고
@user-jy3cr4ep9k,저렇게 무대에서 즐기는게 대단하다.. 난 애들 앞에서 노래 부르면 목소리 떨리는데..
@ProperNouns,와
@user-wc6yq5fl7x,"I used to rule the world Seas would rise when I gave the word Now in the morning, I sleep alone Sweep the streets I used to own I used to roll the dice Feel the fear in my enemy's eyes Listen as the crowd would sing Now the old king is dead, long live the king One minute, I held the key Next the walls were closed on me And I discovered that my castles stand Upon pillars of salt and pillars of sand I hear Jerusalem bells a-ringin' Roman Cavalry choirs are singin' Be my mirror, my sword and shield My missionaries in a foreign field For some reason, I can't explain Once you'd gone, there was never, never an honest word And that was when I ruled the world It was a wicked and wild wind Blew down the doors to let me in Shattered windows and the sound of drums People couldn't believe what I'd become Revolutionaries wait For my head on a silver plate Just a puppet on a lonely string Oh, who would ever want to be king? I hear Jerusalem bells a-ringin' Roman Cavalry choirs are singing Be my mirror, my sword and shield My missionaries in a foreign field For some reason, I can't explain I know Saint Peter won't call my name Never an honest word But that was when I ruled the world Oh-oh-oh, oh-oh, oh Oh-oh-oh, oh-oh, oh Oh-oh-oh, oh-oh, oh Oh-oh-oh, oh-oh, oh Oh-oh-oh, oh-oh, oh I hear Jerusalem bells a-ringin' Roman Cavalry choirs are singin' Be my mirror, my sword and shield My missionaries in a foreign field For some reason I can't explain I know Saint Peter won't call my name Never an honest word But that was when I ruled the world"
@user-sq2nl2qp3g,ㅋㅋㅋ신랑 입장곡 1위 크.. 미친 웅장함
@randy7619,시대란것이 참   무명이  사체 바닦에서 살아가네요  인생 참 희안하죠
@II11lIIIl1ll1IIIlIl,진짜 저기 있는 사람들 ㅈㄴㅈㄴ부럽다....
@user-fx4qn7mr9r,2022도 왔습니다
@dbswntkd7785,My universe 듣고 온사람?
@user-fi1xn9dy8f,역사 시간에 들으면 좋음
@jager934,나의 할아버지는 비틀즈에 대해 말해주었고 나의 아버지는 퀸에 대해 말해주었다.  난 나의 자식에게 콜드플레이에 대해 말해줄 것이다. (멋있어서 퍼온 댓글)
@tricbumo1888,노래 너무좋아..하...싼다 진짜 게속보고있네 ...
@user-sq6ic5vr2i,수능 가즈아~~
@user-ux5vc9ob5q,저런 공연 마치고 ... 혼자 조용한 방안에 들어가면 ... 그 공허함이 얼마나 클지 ...
@me5528,콜드플레이 내한안오나요 무진장 기다리는데 ㅜㅜ
@user-oo4xh9jp8l,영국 3대밴드 1.비틀즈 2.퀸 3.콜드플레이
@cls133al2,다시봐도 북치는거 진짜 대단하다
@jessicakim146,ㅇㅜ왓/////
@user-kv6gw9nn4z,"나는 진짜 이노래 북소리 종소리가 좋아서 계속 듣게된다 북소리 종소리 집중하고 북,종 치는 저 움직임이 너무 멋있다 물론 노래자체도 졸라좋고~~ 비바라비다 영상중 이게 젤조아"
@cjeixhalapeg1,"3:13 이 한 순간만으로도 크리스마틴은 인생 여한이 없겠다. 이런 감동과 전율을 온 몸으로 느껴본, 그리고 앞으로도 느껴볼 수 있는 사람이 몇이나 될까"
@user-dv9zz4rm8w,아제발 한국에 와주세요
@user-yv7ph6zl8f,"시험기간 도서관,독서실에서 집갈때마다 들었던 노래.."
@user-fj1si7du4e,저기서 키보드 세션으로 연주하면 얼마나 벅찰까…. 큰 무대에서 연주해보고 싶다
@user-ms3zg5in7o,->
@user-se8pv6gj2h,음원듣다가 사람들 함성 없어서 섭섭해서 다시 왔어요..ㅎ
@dz2orbital,'세상에서 가장 감미로운 Latte is horse'
@user-lt9cz1cx4q,제발 콘서트 해주세요
@romeojjune,우크라이나에 평화가 온다면 꼭 그곳에서 공연해 주시길 부탁드립니다 !
@user-tg6fb5xh9z,아니 2:08누가 누나는 똥을싸 냄비에라고 했는데 계속 그렇게 들려서 개웃긴닼ㅋㅋ
@gmh5817,https://youtu.be/Ek9LHfsDfL4 원본 영상 자체는 내한 공연 당시에 찍은것 같네요 굿굿
@user-hq4gr4rb1v,이게 벌써 3년전임
@alpha_rd,수능 전날 잠들기 전 최고의 선택
@darwinunez9,He made a people one.
@DizzyDean0623,떼창할때 전율이 ㄷㄷ
@yongzzang_,와~ 포레스텔라도 콘서트에서 부른 노래다.
@OO-jk2kw,내 고등학교 시절을 함께한 콜플
@user-tf1wq6fl1k,화려한 군침이 나를 싸악 감싸노
@user-kawaibh,뜬금없이 좀 궁금한게 생겼는데 저 콘서트에 사람 몇명정도가 있을수있나요…? 너무 웅장해..
@jealousy1735,와 레알 영상 처음부터 소름돋네
@user-yl9ru7qi1o,1:00 여기 뭔가 좋음
@user-ux8ic5wp9c,인생이 한편의 영화라면 엔딩곡으로 나올 노래
@user-sk7vu4si9e,
@user-bv9sp5co1s,이거 틀고 공부하거나 일하면 뭐든지 잘할것같음
@cloud-qh4kt,"I used to rule the world  Seas would rise when I gave the word  Now in the morning, I sleep alone  Sweep the streets I used to own  I used to roll the dice  Feel the fear in my enemy's eyes  Listen as the crowd would sing  Now the old king is dead! Long live the king!  One minute I held the key  Next the walls were closed on me  And I discovered that my castles stand  Upon pillars of salt and pillars of sand  I hear Jerusalem bells are ringing  Roman Cavalry choirs are singing  Be my mirror, my sword and shield  My missionaries in a foreign field  For some reason I can't explain  Once you go there was never, never a honest word  And that was when I ruled the world  It was a wicked and wild wind  Blew down the doors to let me in  Shattered windows and the sound of drums  People couldn't believe what I'd become  Revolutionaries wait  For my head on a silver plate  Just a puppet on a lonely string  Oh, who would ever want to be king?  I hear Jerusalem bells are ringing  Roman Calvary choirs are singing  Be my mirror, my sword and shield  My missionaries in a foreign field  For some reason I can't explain  I know Saint Peter won't call my name  Never an honest word  But that was when I ruled the world  Oh, oh, oh, oh, oh  I hear Jerusalem bells are ringing  Roman Calvary choirs are singing  Be my mirror, my sword and shield  My missionaries in a foreign field  For some reason I can't explain  I know Saint Peter won't call my name  Never an honest word  But that was when I ruled the world"
@user-tx6og3xn1l,Aㅏㅏㅏㅏㅏㅏㅏ 우린 비바라디다 우린 비바라디다ㅏㅏㅏㅏㅏ
@jhleethewriter,2024년 첫 곡으로 들었습니다 :)
@khs8039,뭔가 우울증을 떨쳐버릴 것 같은 노래
@Obangmi,2:11 이거 왜 언급없냐ㅋㅋㅋㅋㅋㅋ 저거 박자 다 알아서 장난친거같은데 쩐다
@user-cn9kf7jn9q,3:13 버즈 프로 360오디오 켜고 들으면 ㄹㅇ 쌉니다
@user-bb7yj9oe5k,종 저렇게 맛깔나게 치는사람 첨봤네
@Yeroronggu,황석희 번역가님 번역은 진짜…언어능력이 어느정도까지 경지에 달하면 저렇게 번역을 하나요…나는 생기부 하나 쓸 때도 어버버 거리던 애였는데..
@yaku6295,이 노래 검색하는데 '콜드플레이 워어어'가 자동완성 목록에 있는거 미춰버릴거 같다 ㅋㅋㅋㅋ 그래요 나도 그렇게 왔어요
@awdndjen12ed,운동할때 스타트로 끊는 곡
@x_u.y,3:00
@user-yl9ru7qi1o,혹시 이런 노래 더 아는 분들 있으면 추천해주실수잇나요..노래좋다
@user-kr3pq2eo5x,자야되는데 나도모르게 들썩들썩 거리게 되네 ㅠㅠㅋㅋㅋㅋㅋㅋㅋㅋㅋㅋㅋㅋ
@chozol9949,"I used to rule the world  Seas would rise when I gave the word  Now in the morning, I sleep alone  Sweep the streets I used to own  I used to roll the dice  Feel the fear in my enemy's eyes  Listen as the crowd would sing  Now the old king is dead! Long live the king!  One minute I held the key  Next the walls were closed on me  And I discovered that my castles stand  Upon pillars of salt and pillars of sand  I hear Jerusalem bells are ringing  Roman Cavalry choirs are singing  Be my mirror, my sword and shield  My missionaries in a foreign field  For some reason I can't explain  Once you go there was never, never a honest word  And that was when I ruled the world  It was a wicked and wild wind  Blew down the doors to let me in  Shattered windows and the sound of drums  People couldn't believe what I'd become  Revolutionaries wait  For my head on a silver plate  Just a puppet on a lonely string  Oh, who would ever want to be king?  I hear Jerusalem bells are ringing  Roman Calvary choirs are singing  Be my mirror, my sword and shield  My missionaries in a foreign field  For some reason I can't explain  I know Saint Peter won't call my name  Never an honest word  But that was when I ruled the world  Oh, oh, oh, oh, oh  I hear Jerusalem bells are ringing  Roman Calvary choirs are singing  Be my mirror, my sword and shield  My missionaries in a foreign field  For some reason I can't explain  I know Saint Peter won't call my name  Never an honest word  But that was when I ruled the world"
@sundaycamper,그리운 코로나 19전
@user-lm1zr9ek5q,나만그런건지 모르겠지만 검나 웅장하다
@user-lp2wb3ry5w,"Freedom is not FREE ! 자유의 맛이란, 쓰고 달구나."
@user-tm8il3ce1t,이 노래는 뭘 의미하는진 모르겠는데 참 좋단말이야
@kimsangsu1004,대한민국 만세🇰🇷
@ayoayobb,2024 손
@user-ki6zc1yo3b,할렐루야
@pizza_333,문명 문화승리하고 들어야하는 노래
@JuventusJuventus..............,"어릴때 듣던 노래의 빡빡이 아저씨가 기억나, 이 아이는 난타 수행평가에서 저 노래를 택한다.."
@user-ho5wt8ed9h,세계의흔들림이노래의강함
@user-ne7xq3qg1d,"에어팟 프로의 순기능.,."
@user-ku4fg5ku2j,이게 벌써 4년전 영상이라니
@user-gc3zv6rj6c,근데 저 대머리분 대단한게 처음부터 끝까지 계속 북을 치고있어... 엄청 힘들텐데 저거
@wendykang9106,2023년 듣는 사람?
@user-zr2id4jl7w,2:11 오~?
@user-wg1dw4ot6e,"""세상에서 제일 재밌는 찬송가"""
@user-ng9qv6mk5w,진심은통하는것일까
@user-zf6bo8lc2v,제 친구중에 이 노래 모르는 애들이 되게 많던데 저는 너무 신기했어요 이 노래를 모르다니...
@masaibujok,"I used to rule the world  Seas would rise when I gave the word  Now in the morning, I sleep alone  Sweep the streets I used to own  I used to roll the dice  Feel the fear in my enemy's eyes  Listen as the crowd would sing  Now the old king is dead! Long live the king!  One minute I held the key  Next the walls were closed on me  And I discovered that my castles stand  Upon pillars of salt and pillars of sand  I hear Jerusalem bells are ringing  Roman Cavalry choirs are singing  Be my mirror, my sword and shield  My missionaries in a foreign field  For some reason I can't explain  Once you go there was never, never a honest word  And that was when I ruled the world  It was a wicked and wild wind  Blew down the doors to let me in  Shattered windows and the sound of drums  People couldn't believe what I'd become  Revolutionaries wait  For my head on a silver plate  Just a puppet on a lonely string  Oh, who would ever want to be king?  I hear Jerusalem bells are ringing  Roman Calvary choirs are singing  Be my mirror, my sword and shield  My missionaries in a foreign field  For some reason I can't explain  I know Saint Peter won't call my name  Never an honest word  But that was when I ruled the world  Oh, oh, oh, oh, oh  I hear Jerusalem bells are ringing  Roman Calvary choirs are singing  Be my mirror, my sword and shield  My missionaries in a foreign field  For some reason I can't explain  I know Saint Peter won't call my name  Never an honest word  But that was when I ruled the world"
@zu292,이게 바로 21세기 버전 위아더웧드지~
@TV-nt1ck,우와노레가종아용
@ragenka77,스포츠 음악으로 베스트일듯
@user-dm3zp6lz8c,지구 엔딩날 어울릴 노래
@krunner525,이맛에 커버곡을 못들어ㅠㅠㅠ
@user-yn8zt1yt5j,이  노래만 알고  있다는  거.....ㅠㅠ가수는  솔까  몰랐지....
@o.wh3n982,버즈 있으신분 360 오디오 키고 봐보세요 미쳤어요 ㄷㄷ
@thdehdms,진짜 가수할맛나겠다
@znls5849,코로나 끝나면 내한 또 해줘....
@user-cp4mk8br5l,마지막 개지리네 ㅋㅋㅋㅋㅋ
